-- MySqlBackup.NET 2.3.1
-- Dump Time: 2019-11-28 18:59:50
-- --------------------------------------
-- Server version 10.4.8-MariaDB mariadb.org binary distribution


/*!40101 SET @OLD_CHARACTER_SET_CLIENT=@@CHARACTER_SET_CLIENT */;
/*!40101 SET @OLD_CHARACTER_SET_RESULTS=@@CHARACTER_SET_RESULTS */;
/*!40101 SET @OLD_COLLATION_CONNECTION=@@COLLATION_CONNECTION */;
/*!40101 SET NAMES utf8mb4 */;
/*!40014 SET @OLD_UNIQUE_CHECKS=@@UNIQUE_CHECKS, UNIQUE_CHECKS=0 */;
/*!40014 SET @OLD_FOREIGN_KEY_CHECKS=@@FOREIGN_KEY_CHECKS, FOREIGN_KEY_CHECKS=0 */;
/*!40101 SET @OLD_SQL_MODE=@@SQL_MODE, SQL_MODE='NO_AUTO_VALUE_ON_ZERO' */;
/*!40111 SET @OLD_SQL_NOTES=@@SQL_NOTES, SQL_NOTES=0 */;


-- 
-- Definition of carrera
-- 

DROP TABLE IF EXISTS `carrera`;
CREATE TABLE IF NOT EXISTS `carrera` (
  `idCarrera` varchar(3) NOT NULL,
  `nombreCarrera` varchar(50) NOT NULL,
  PRIMARY KEY (`idCarrera`)
) ENGINE=InnoDB DEFAULT CHARSET=utf8mb4;

-- 
-- Dumping data for table carrera
-- 

/*!40000 ALTER TABLE `carrera` DISABLE KEYS */;
INSERT INTO `carrera`(`idCarrera`,`nombreCarrera`) VALUES
('IE','INGENIERIA ELECTROMECANICA'),
('IGE','INGENIERIA EN GESTION EMPRESARIAL'),
('II','INGENIERIA INDUSTRIAL'),
('ISC','INGENIERIA EN SISTEMAS COMPUTACIONALES');
/*!40000 ALTER TABLE `carrera` ENABLE KEYS */;

-- 
-- Definition of estados
-- 

DROP TABLE IF EXISTS `estados`;
CREATE TABLE IF NOT EXISTS `estados` (
  `Codigo` varchar(50) NOT NULL,
  `estado` varchar(50) DEFAULT NULL,
  PRIMARY KEY (`Codigo`)
) ENGINE=InnoDB DEFAULT CHARSET=utf8mb4;

-- 
-- Dumping data for table estados
-- 

/*!40000 ALTER TABLE `estados` DISABLE KEYS */;
INSERT INTO `estados`(`Codigo`,`estado`) VALUES
('AGU','Aguacalientes'),
('BCN','Baja California '),
('BCS','Baja California Sur'),
('CAM','Campeche'),
('CHH','Chihuahua'),
('CHP','Chiapas'),
('CMX','Ciudad de Mexico'),
('COA','Coahuila'),
('COL','Colima'),
('DUR','Durango'),
('GRO','Guerrero'),
('GUA','Guanajuato'),
('HID','Hidalgo'),
('JAL','Jalisco'),
('MEX','Mexico'),
('MIC','Michoacán'),
('MOR','Morelos'),
('NAY','Nayarit'),
('NLE','Nuevo León'),
('OAX','Oaxaca'),
('PUE','Puebla'),
('QUE','Queretaro'),
('ROO','Quintana Roo'),
('SIN','Sinaloa'),
('SLP','San Luis Potisi'),
('SON','Sonora'),
('TAB','Tabasco'),
('TAM','Tamaulipas'),
('TLA','Tlaxcala'),
('VER','Veracruz'),
('YUC','Yucatan '),
('ZAC','Zacatecas');
/*!40000 ALTER TABLE `estados` ENABLE KEYS */;

-- 
-- Definition of alumno
-- 

DROP TABLE IF EXISTS `alumno`;
CREATE TABLE IF NOT EXISTS `alumno` (
  `NumeroControl` varchar(20) NOT NULL,
  `Nombre` varchar(100) DEFAULT NULL,
  `ApellidoP` varchar(100) DEFAULT NULL,
  `ApellidoM` varchar(100) DEFAULT NULL,
  `Sexo` varchar(10) DEFAULT NULL,
  `FechaNacimiento` varchar(50) DEFAULT NULL,
  `E_mail` varchar(250) DEFAULT NULL,
  `TelefonoContacto` int(11) DEFAULT NULL,
  `Estado` varchar(100) DEFAULT NULL,
  `Municipio` varchar(100) DEFAULT NULL,
  `Domicilio` varchar(250) DEFAULT NULL,
  PRIMARY KEY (`NumeroControl`),
  KEY `Estado` (`Estado`),
  CONSTRAINT `alumno_ibfk_1` FOREIGN KEY (`Estado`) REFERENCES `estados` (`Codigo`)
) ENGINE=InnoDB DEFAULT CHARSET=utf8mb4;

-- 
-- Dumping data for table alumno
-- 

/*!40000 ALTER TABLE `alumno` DISABLE KEYS */;
INSERT INTO `alumno`(`NumeroControl`,`Nombre`,`ApellidoP`,`ApellidoM`,`Sexo`,`FechaNacimiento`,`E_mail`,`TelefonoContacto`,`Estado`,`Municipio`,`Domicilio`) VALUES
('16050320','Angel Misael','Reyes','Gutierrez','H','sábado, 23 de noviembre de 2019','angelmisael@gmail.com',238472,'JAL','Lagos de Moreno','El ojo de agua 32 Granadillas'),
('16050340','Eduardo Arturo','Gonzalez','Munoz','H','sábado, 15 de noviembre de 1997','eduardoarturo1511@gmail.com',2147483647,'JAL','Lagos de Moreno','Privada La Torre 32 Cañada de Ricos'),
('16050379','Alan Emmanuel','Ruiz','De La Cruz','H','jueves, 30 de abril de 1998','ruca69@gmail.com',478374,'JAL','Lagos de Moreno','Padre Torres #578');
/*!40000 ALTER TABLE `alumno` ENABLE KEYS */;

-- 
-- Definition of escuela
-- 

DROP TABLE IF EXISTS `escuela`;
CREATE TABLE IF NOT EXISTS `escuela` (
  `idescuela` int(11) NOT NULL AUTO_INCREMENT,
  `nombre` varchar(100) DEFAULT NULL,
  `director` varchar(100) DEFAULT NULL,
  `domicilio` varchar(100) DEFAULT NULL,
  `numeroexterior` varchar(100) DEFAULT NULL,
  `estado` varchar(100) DEFAULT NULL,
  `municipio` varchar(100) DEFAULT NULL,
  `telefono` int(11) DEFAULT NULL,
  `e_mail` varchar(250) DEFAULT NULL,
  `paginaweb` varchar(250) DEFAULT NULL,
  `logo` varchar(50) DEFAULT NULL,
  PRIMARY KEY (`idescuela`),
  KEY `estado` (`estado`),
  CONSTRAINT `escuela_ibfk_1` FOREIGN KEY (`estado`) REFERENCES `estados` (`Codigo`)
) ENGINE=InnoDB AUTO_INCREMENT=20 DEFAULT CHARSET=utf8mb4;

-- 
-- Dumping data for table escuela
-- 

/*!40000 ALTER TABLE `escuela` DISABLE KEYS */;
INSERT INTO `escuela`(`idescuela`,`nombre`,`director`,`domicilio`,`numeroexterior`,`estado`,`municipio`,`telefono`,`e_mail`,`paginaweb`,`logo`) VALUES
(1,'Tec MM','Maria Asusena Gallardo Flores','Libramiento Tecnologico','234','JAL','Lagos de Moreno',239482934,'tecmmlagos@edu.com.mx','tec.lagos.com.mx',''),
(2,'Tec MM Lagos','ABC','ASEFC','234','ROO','Benito Juárez',23874823,'easkdf@gmail.com','www.google.com',''),
(3,'Tec MM Lagos','Juan Perez','Libramiento Tecnologico','235','JAL','Lagos de Moreno',234234,'tecmmlagos@edu.mx','www.tecmm.edu.mx',''),
(4,'Tec MM Lagos','Juan Perez Hernandez','Libramiento Tecnologico','234','JAL','Lagos de Moreno',234234,'tecmm@edu.mx','www.tecmmlagos.com.mx',''),
(5,'Tec MM Lagos','Juan Perez Hernandez','Libramiento Tecnologico','2354','JAL','Lagos de Moreno',234234,'tecmm@edu.mx','www.tecmmlagos.edu.mx',''),
(6,'Tec MM Lagos','Juan Perez','Libramiento Tecnologico','23523','JAL','Lagos de Moreno',234234,'tecmmlagos@edu.mx','www.tecmmlagos.edu.com.mx',''),
(7,'Tec MM Lagos','Juan Perez Hernandez','Libramiento Tecnologico','23423','JAL','Lagos de Moreno',234234,'tecmmlagos@edu.mx','www,tecmmlagos,edu.com.mx',''),
(8,'Tec MM Lagos','Juan Perez Hernandez','Libramiento Tecnologico','234','JAL','Lagos de Moreno',234234,'tecmm@edu.mx','www.tecmmlagos.edu.mx','C:UsersarturPicturesFondos1522-1920x1080.jpg'),
(9,'Tec MM Lagos','Juan Perez','Libramiento Tecnologico','234','JAL','Lagos de Moreno',23423,'tecmmlagos@edu.mx','www.tecmmlagos.edu.mx','C:UsersarturPicturesFondos1522-1920x1080.jpg'),
(10,'Tec MM Lagos','Juan Perez','Libramiento Tecnologico ','234234','JAL','Lagos de Moreno',23423,'tecmmlagos@edu.mx','www.tecmmlagos.edu.com.mx','C:UsersarturPicturesFondos1522-1920x1080.jpg'),
(11,'Tec MM Lagos','Juan Perez','Libramiento Tecnologico','235','JAL','Lagos de Moreno',23423,'tecmmlagos@edu.mx','www.tecmmlagos.edu.com.mx','C:UsersarturPicturesFondos1522-1920x1080.jpg'),
(12,'Tec MM Lagos','Juan Perez Hernandez','Libramiento Tecnologico','23423','JAL','Lagos de Moreno',232532,'tecmmlagos@edu.mx','www.tecmmlagos.edu.com.mx','C:UsersarturPicturesFondos1522-1920x1080.jpg'),
(13,'UDG','Juan Perez','5 de Mayo Centro','4235','JAL','Lagos de Moreno',2235235,'udg@edu.mx','www.udglagos.edu.com.mx','C:UsersarturPicturesFondosSeQfmb.jpg'),
(14,'UDG','ase fasef','fsafaef ','2234','AGU','Aguascalientes',234235,'afeafa@gmai.com','www.gasg.com','C:UsersarturPicturesFondos1522-1920x1080.jpg'),
(15,'UDG','Juan Perez','Prepa','234','AGU','Aguascalientes',234235,'udg@edu.mx','www.udg.com.mx','c:Logo EscuelaUDG. jpg'),
(16,'Tec MM Lagos','Juan Perez','Libramiento Tecnologico','234','JAL','Lagos de Moreno',2352,'tecmmlagos@edu.mx','www.teclagos.edu.mx','c:Logo EscuelaTec MM Lagos.jpg'),
(17,'Mariano Azuela','Victor Manuel Valencia','Benito Juarez Vista Hermosa','345','JAL','Lagos de Moreno',2384723,'marianoazuela@gmail,com','www.marianoazuela.com.mx','c:Logo EscuelaMariano AzuelaMariano Azuela.jpg'),
(18,'CBTIS','Juan Perez','Hidalgo Centro','546','JAL','Lagos de Moreno',276345,'cbtis262@edu.mx','www.cbtis.com.mx','c:Logo EscuelaCBTISCBTIS.jpg'),
(19,'MVK','Victor Manuel Valencia','71','438','NLE','Gral. Escobedo',3459834,'moisesvega@edu.mx','www.moisesvegakegel.com.mx','c:Logo EscuelaMVKMVK.jpg');
/*!40000 ALTER TABLE `escuela` ENABLE KEYS */;

-- 
-- Definition of grupo
-- 

DROP TABLE IF EXISTS `grupo`;
CREATE TABLE IF NOT EXISTS `grupo` (
  `idGrupo` int(11) NOT NULL AUTO_INCREMENT,
  `nombreGrupo` varchar(10) NOT NULL,
  `fkCarrera` varchar(3) DEFAULT NULL,
  PRIMARY KEY (`idGrupo`),
  KEY `fkCarrera` (`fkCarrera`),
  CONSTRAINT `grupo_ibfk_1` FOREIGN KEY (`fkCarrera`) REFERENCES `carrera` (`idCarrera`)
) ENGINE=InnoDB AUTO_INCREMENT=6 DEFAULT CHARSET=utf8mb4;

-- 
-- Dumping data for table grupo
-- 

/*!40000 ALTER TABLE `grupo` DISABLE KEYS */;
INSERT INTO `grupo`(`idGrupo`,`nombreGrupo`,`fkCarrera`) VALUES
(1,'7','ISC'),
(2,'5','ISC'),
(4,'3','ISC');
/*!40000 ALTER TABLE `grupo` ENABLE KEYS */;

-- 
-- Definition of grupo_alumnos
-- 

DROP TABLE IF EXISTS `grupo_alumnos`;
CREATE TABLE IF NOT EXISTS `grupo_alumnos` (
  `fkGrupo` int(11) NOT NULL,
  `fkAlumno` varchar(20) NOT NULL,
  KEY `fkGrupo` (`fkGrupo`),
  KEY `fkAlumno` (`fkAlumno`),
  CONSTRAINT `grupo_alumnos_ibfk_1` FOREIGN KEY (`fkGrupo`) REFERENCES `grupo` (`idGrupo`),
  CONSTRAINT `grupo_alumnos_ibfk_2` FOREIGN KEY (`fkAlumno`) REFERENCES `alumno` (`NumeroControl`)
) ENGINE=InnoDB DEFAULT CHARSET=utf8mb4;

-- 
-- Dumping data for table grupo_alumnos
-- 

/*!40000 ALTER TABLE `grupo_alumnos` DISABLE KEYS */;
INSERT INTO `grupo_alumnos`(`fkGrupo`,`fkAlumno`) VALUES
(1,'16050379'),
(1,'16050340'),
(1,'16050320');
/*!40000 ALTER TABLE `grupo_alumnos` ENABLE KEYS */;

-- 
-- Definition of maestros
-- 

DROP TABLE IF EXISTS `maestros`;
CREATE TABLE IF NOT EXISTS `maestros` (
  `NumeroControl` varchar(50) NOT NULL,
  `Nombre` varchar(100) DEFAULT NULL,
  `ApellidoP` varchar(100) DEFAULT NULL,
  `ApellidoM` varchar(100) DEFAULT NULL,
  `Fecha_Nan` varchar(50) DEFAULT NULL,
  `Estado` varchar(100) DEFAULT NULL,
  `Ciudad` varchar(100) DEFAULT NULL,
  `Sexo` varchar(10) DEFAULT NULL,
  `Email` varchar(250) DEFAULT NULL,
  `Tarjeta` bigint(20) DEFAULT NULL,
  `Licenciatura` varchar(150) DEFAULT NULL,
  `Maestria` varchar(150) DEFAULT NULL,
  `Doctorado` varchar(150) DEFAULT NULL,
  PRIMARY KEY (`NumeroControl`),
  KEY `Estado` (`Estado`),
  CONSTRAINT `maestros_ibfk_1` FOREIGN KEY (`Estado`) REFERENCES `estados` (`Codigo`)
) ENGINE=InnoDB DEFAULT CHARSET=utf8mb4;

-- 
-- Dumping data for table maestros
-- 

/*!40000 ALTER TABLE `maestros` DISABLE KEYS */;
INSERT INTO `maestros`(`NumeroControl`,`Nombre`,`ApellidoP`,`ApellidoM`,`Fecha_Nan`,`Estado`,`Ciudad`,`Sexo`,`Email`,`Tarjeta`,`Licenciatura`,`Maestria`,`Doctorado`) VALUES
('12345','Nestor','Chico','Rojas','sábado, 23 de noviembre de 2019','BCS','La Paz','H','nestor@gmail.com',235235,'Licenciatura.pdf','Maestria.pdf','Doctorado.pdf'),
('2349232','Juan Antonio','Medina','Munoz','sábado, 23 de noviembre de 2019','JAL','Lagos de Moreno','H','antoniomedina@gmail.com',121324,'Licenciatura.pdf','Maestria.pdf','Doctorado.pdf');
/*!40000 ALTER TABLE `maestros` ENABLE KEYS */;

-- 
-- Definition of materia
-- 

DROP TABLE IF EXISTS `materia`;
CREATE TABLE IF NOT EXISTS `materia` (
  `idMateria` int(11) NOT NULL AUTO_INCREMENT,
  `nombreMateria` varchar(50) NOT NULL,
  `materiaAnt` int(11) DEFAULT NULL,
  `materiaSig` int(11) DEFAULT NULL,
  PRIMARY KEY (`idMateria`),
  KEY `materiaAnt` (`materiaAnt`),
  KEY `materiaSig` (`materiaSig`),
  CONSTRAINT `materia_ibfk_1` FOREIGN KEY (`materiaAnt`) REFERENCES `materia` (`idMateria`),
  CONSTRAINT `materia_ibfk_2` FOREIGN KEY (`materiaSig`) REFERENCES `materia` (`idMateria`)
) ENGINE=InnoDB AUTO_INCREMENT=60 DEFAULT CHARSET=utf8mb4;

-- 
-- Dumping data for table materia
-- 

/*!40000 ALTER TABLE `materia` DISABLE KEYS */;
INSERT INTO `materia`(`idMateria`,`nombreMateria`,`materiaAnt`,`materiaSig`) VALUES
(2,'Verificacion y Validacion',NULL,NULL),
(3,'Lenguajes y Automatas',NULL,4),
(4,'Lenguajes y Automatas II',3,NULL),
(5,'Fundamentos de Bases de Datos',NULL,6),
(6,'Taller de Bases de Datos',5,7),
(7,'Administracion de Bases de Datos',6,NULL),
(10,'Calculo Diferencial',NULL,11),
(11,'Calculo Integral',10,12),
(12,'Calculo Vectorial',11,NULL),
(13,'Fisica General',NULL,NULL),
(19,'Sistemas Operativos',NULL,NULL),
(20,'Lenguajes de Interfaz',NULL,NULL),
(21,'Fundamentos de Investigacion',NULL,22),
(22,'Taller de Investigacion I',21,NULL),
(23,'Fundamentos de Programacion',NULL,NULL),
(24,'Taller de Etica',NULL,NULL),
(25,'Matematicas Discretas',NULL,NULL),
(26,'Taller de Administracion',NULL,NULL),
(27,'Desarrollo Sustentable',NULL,NULL),
(28,'Programacion Orientada a Objetos',NULL,NULL),
(29,'Contabilidad Financiera',NULL,NULL),
(30,'Quimica',NULL,NULL),
(31,'Probabilidad y Estadistica',NULL,NULL),
(32,'Estructura de Datos',NULL,NULL),
(33,'Algebra Lineal',NULL,NULL),
(34,'Cultura Empresarial',NULL,NULL),
(35,'Topicos Avanzados de Programacion',NULL,NULL),
(36,'Principios Electricos y Aplicaciones Digitales',NULL,NULL),
(37,'Sistemas Programables',NULL,NULL),
(38,'Fundamentos de Ingenieria de Software',NULL,NULL),
(39,'Graficacion',NULL,NULL),
(40,'Arquitectura de Computadoras',NULL,NULL),
(41,'Fundamentos de Telecomunicaciones',NULL,NULL),
(42,'Ecuaciones Diferenciales',NULL,NULL),
(43,'Ingenieria de Software',NULL,NULL),
(44,'Investigacion de Operaciones',NULL,NULL),
(45,'Simulacion',NULL,NULL),
(46,'Redes de Computadoras',NULL,NULL),
(47,'Gestion de Proyectos de Software',NULL,NULL),
(48,'Arquitectura y SO de Dispositivos Moviles',NULL,NULL),
(49,'Metodos Numericos',NULL,NULL),
(50,'Taller de Sistemas Operativos',NULL,NULL),
(51,'Conmutacion y Enrutamiento de Redes de Datos',NULL,NULL),
(52,'Programacion de Aplicaciones para Dispositivos Mov',NULL,NULL),
(53,'Programacion Web',NULL,NULL),
(54,'Programacion Logica y Funcional',NULL,NULL),
(55,'Administracion de Redes',NULL,NULL),
(56,'Formulacion y Evaluacion de Proyectos',NULL,NULL),
(57,'Maquetacion para Aplicaciones Moviles',NULL,NULL),
(58,'Modelado para Aplicaciones Moviles',NULL,NULL),
(59,'Inteligencia Artificial',NULL,NULL);
/*!40000 ALTER TABLE `materia` ENABLE KEYS */;

-- 
-- Definition of municipios
-- 

DROP TABLE IF EXISTS `municipios`;
CREATE TABLE IF NOT EXISTS `municipios` (
  `id` int(11) NOT NULL AUTO_INCREMENT,
  `municipio` varchar(50) DEFAULT NULL,
  `codigoEstado` varchar(10) DEFAULT NULL,
  PRIMARY KEY (`id`),
  KEY `codigoEstado` (`codigoEstado`),
  CONSTRAINT `municipios_ibfk_1` FOREIGN KEY (`codigoEstado`) REFERENCES `estados` (`Codigo`)
) ENGINE=InnoDB AUTO_INCREMENT=2455 DEFAULT CHARSET=utf8mb4;

-- 
-- Dumping data for table municipios
-- 

/*!40000 ALTER TABLE `municipios` DISABLE KEYS */;
INSERT INTO `municipios`(`id`,`municipio`,`codigoEstado`) VALUES
(1,'Aguascalientes','AGU'),
(2,'Asientos','AGU'),
(3,'Calvillo','AGU'),
(4,'Cosío','AGU'),
(5,'El Llano','AGU'),
(6,'Jesús María','AGU'),
(7,'Pabellón de Arteaga','AGU'),
(8,'Rincón de Romos','AGU'),
(9,'San Francisco de los Romo','AGU'),
(10,'San José de Gracia','AGU'),
(11,'Tepezalá','AGU'),
(12,'Mexicali','BCN'),
(13,'Ensenada','BCN'),
(14,'Playas de Rosarito','BCN'),
(15,'Tecate','BCN'),
(16,'Tijuana','BCN'),
(17,'La Paz','BCS'),
(18,'Comondú','BCS'),
(19,'Loreto','BCS'),
(20,'Los Cabos','BCS'),
(21,'Mulegé','BCS'),
(22,'Calkiní','CAM'),
(23,'Campeche','CAM'),
(24,'Carmen','CAM'),
(25,'Champotón','CAM'),
(26,'Hecelchakán','CAM'),
(27,'Hopelchén','CAM'),
(28,'Palizada','CAM'),
(29,'Tenabo','CAM'),
(30,'Escárcega','CAM'),
(31,'Calakmul','CAM'),
(32,'Candelaria','CAM'),
(33,'Seybaplaya','CAM'),
(34,'Acacoyagua','CHP'),
(35,'Acala','CHP'),
(36,'Acapetahua','CHP'),
(37,'Aldama','CHP'),
(38,'Altamirano','CHP'),
(39,'Amatán','CHP'),
(40,'Amatenango de la Frontera','CHP'),
(41,'Amatenango del Valle','CHP'),
(42,'Angel Albino Corzo','CHP'),
(43,'Arriaga','CHP'),
(44,'Bejucal de Ocampo','CHP'),
(45,'Bella Vista','CHP'),
(46,'Benemérito de las Américas','CHP'),
(47,'Berriozábal','CHP'),
(48,'Bochil','CHP'),
(49,'Cacahoatán','CHP'),
(50,'Catazajá','CHP'),
(51,'Chalchihuitán','CHP'),
(52,'Chamula','CHP'),
(53,'Chanal','CHP'),
(54,'Chapultenango','CHP'),
(55,'Chenalhó','CHP'),
(56,'Chiapa de Corzo','CHP'),
(57,'Chiapilla','CHP'),
(58,'Chicoasén','CHP'),
(59,'Chicomuselo','CHP'),
(60,'Chilón','CHP'),
(61,'Cintalapa','CHP'),
(62,'Coapilla','CHP'),
(63,'Comitán de Domínguez','CHP'),
(64,'Copainalá','CHP'),
(65,'El Bosque','CHP'),
(66,'El Porvenir','CHP'),
(67,'Escuintla','CHP'),
(68,'Francisco León','CHP'),
(69,'Frontera Comalapa','CHP'),
(70,'Frontera Hidalgo','CHP'),
(71,'Huehuetán','CHP'),
(72,'Huitiupán','CHP'),
(73,'Huixtán','CHP'),
(74,'Huixtla','CHP'),
(75,'Ixhuatán','CHP'),
(76,'Ixtacomitán','CHP'),
(77,'Ixtapa','CHP'),
(78,'Ixtapangajoya','CHP'),
(79,'Jiquipilas','CHP'),
(80,'Jitotol','CHP'),
(81,'Juárez','CHP'),
(82,'La Concordia','CHP'),
(83,'La Grandeza','CHP'),
(84,'La Independencia','CHP'),
(85,'La Libertad','CHP'),
(86,'La Trinitaria','CHP'),
(87,'Larráinzar','CHP'),
(88,'Las Margaritas','CHP'),
(89,'Las Rosas','CHP'),
(90,'Mapastepec','CHP'),
(91,'Maravilla Tenejapa','CHP'),
(92,'Marqués de Comillas','CHP'),
(93,'Mazapa de Madero','CHP'),
(94,'Mazatán','CHP'),
(95,'Metapa','CHP'),
(96,'Mitontic','CHP'),
(97,'Montecristo de Guerrero','CHP'),
(98,'Motozintla','CHP'),
(99,'Nicolás Ruíz','CHP'),
(100,'Ocosingo','CHP'),
(101,'Ocotepec','CHP'),
(102,'Ocozocoautla de Espinosa','CHP'),
(103,'Ostuacán','CHP'),
(104,'Osumacinta','CHP'),
(105,'Oxchuc','CHP'),
(106,'Palenque','CHP'),
(107,'Pantelhó','CHP'),
(108,'Pantepec','CHP'),
(109,'Pichucalco','CHP'),
(110,'Pijijiapan','CHP'),
(111,'Pueblo Nuevo Solistahuacán','CHP'),
(112,'Rayón','CHP'),
(113,'Reforma','CHP'),
(114,'Sabanilla','CHP'),
(115,'Salto de Agua','CHP'),
(116,'San Andrés Duraznal','CHP'),
(117,'San Cristóbal de las Casas','CHP'),
(118,'San Fernando','CHP'),
(119,'San Juan Cancuc','CHP'),
(120,'San Lucas','CHP'),
(121,'Santiago el Pinar','CHP'),
(122,'Siltepec','CHP'),
(123,'Simojovel','CHP'),
(124,'Sitalá','CHP'),
(125,'Socoltenango','CHP'),
(126,'Solosuchiapa','CHP'),
(127,'Soyaló','CHP'),
(128,'Suchiapa','CHP'),
(129,'Suchiate','CHP'),
(130,'Sunuapa','CHP'),
(131,'Tapachula','CHP'),
(132,'Tapalapa','CHP'),
(133,'Tapilula','CHP'),
(134,'Tecpatán','CHP'),
(135,'Tenejapa','CHP'),
(136,'Teopisca','CHP'),
(137,'Tila','CHP'),
(138,'Tonalá','CHP'),
(139,'Totolapa','CHP'),
(140,'Tumbalá','CHP'),
(141,'Tuxtla Chico','CHP'),
(142,'Tuxtla Gutiérrez','CHP'),
(143,'Tuzantán','CHP'),
(144,'Tzimol','CHP'),
(145,'Unión Juárez','CHP'),
(146,'Venustiano Carranza','CHP'),
(147,'Villa Comaltitlán','CHP'),
(148,'Villa Corzo','CHP'),
(149,'Villaflores','CHP'),
(150,'Yajalón','CHP'),
(151,'Zinacantán','CHP'),
(152,'Ahumada','CHH'),
(153,'Aldama','CHH'),
(154,'Allende','CHH'),
(155,'Aquiles Serdán','CHH'),
(156,'Ascensión','CHH'),
(157,'Bachíniva','CHH'),
(158,'Balleza','CHH'),
(159,'Batopilas','CHH'),
(160,'Bocoyna','CHH'),
(161,'Buenaventura','CHH'),
(162,'Camargo','CHH'),
(163,'Carichí','CHH'),
(164,'Casas Grandes','CHH'),
(165,'Chihuahua','CHH'),
(166,'Chínipas','CHH'),
(167,'Coronado','CHH'),
(168,'Coyame del Sotol','CHH'),
(169,'Cuauhtémoc','CHH'),
(170,'Cusihuiriachi','CHH'),
(171,'Delicias','CHH'),
(172,'Dr. Belisario Domínguez','CHH'),
(173,'El Tule','CHH'),
(174,'Galeana','CHH'),
(175,'Gómez Farías','CHH'),
(176,'Gran Morelos','CHH'),
(177,'Guachochi','CHH'),
(178,'Guadalupe','CHH'),
(179,'Guadalupe y Calvo','CHH'),
(180,'Guazapares','CHH'),
(181,'Guerrero','CHH'),
(182,'Hidalgo del Parral','CHH'),
(183,'Huejotitán','CHH'),
(184,'Ignacio Zaragoza','CHH'),
(185,'Janos','CHH'),
(186,'Jiménez','CHH'),
(187,'Juárez','CHH'),
(188,'Julimes','CHH'),
(189,'La Cruz','CHH'),
(190,'López','CHH'),
(191,'Madera','CHH'),
(192,'Maguarichi','CHH'),
(193,'Manuel Benavides','CHH'),
(194,'Matachí','CHH'),
(195,'Matamoros','CHH'),
(196,'Meoqui','CHH'),
(197,'Morelos','CHH'),
(198,'Moris','CHH'),
(199,'Namiquipa','CHH'),
(200,'Nonoava','CHH'),
(201,'Nuevo Casas Grandes','CHH'),
(202,'Ocampo','CHH'),
(203,'Ojinaga','CHH'),
(204,'Praxedis G. Guerrero','CHH'),
(205,'Riva Palacio','CHH'),
(206,'Rosales','CHH'),
(207,'Rosario','CHH'),
(208,'San Francisco de Borja','CHH'),
(209,'San Francisco de Conchos','CHH'),
(210,'San Francisco del Oro','CHH'),
(211,'Santa Bárbara','CHH'),
(212,'Santa Isabel','CHH'),
(213,'Satevó','CHH'),
(214,'Saucillo','CHH'),
(215,'Temósachi','CHH'),
(216,'Urique','CHH'),
(217,'Uruachi','CHH'),
(218,'Valle de Zaragoza','CHH'),
(219,'Azcapotzalco','CMX'),
(220,'Coyoacán','CMX'),
(221,'Cuajimalpa de Morelos','CMX'),
(222,'Gustavo A. Madero','CMX'),
(223,'Iztacalco','CMX'),
(224,'Iztapalapa','CMX'),
(225,'La Magdalena Contreras','CMX'),
(226,'Milpa Alta','CMX'),
(227,'Alvaro Obregón','CMX'),
(228,'Tláhuac','CMX'),
(229,'Tlalpan','CMX'),
(230,'Xochimilco','CMX'),
(231,'Benito Juárez','CMX'),
(232,'Cuauhtémoc','CMX'),
(233,'Miguel Hidalgo','CMX'),
(234,'Venustiano Carranza','CMX'),
(235,'Abasolo','COA'),
(236,'Acuña','COA'),
(237,'Allende','COA'),
(238,'Arteaga','COA'),
(239,'Candela','COA'),
(240,'Castaños','COA'),
(241,'Cuatrociénegas','COA'),
(242,'Escobedo','COA'),
(243,'Francisco I. Madero','COA'),
(244,'Frontera','COA'),
(245,'General Cepeda','COA'),
(246,'Guerrero','COA'),
(247,'Hidalgo','COA'),
(248,'Jiménez','COA'),
(249,'Juárez','COA'),
(250,'Lamadrid','COA'),
(251,'Matamoros','COA'),
(252,'Monclova','COA'),
(253,'Morelos','COA'),
(254,'Múzquiz','COA'),
(255,'Nadadores','COA'),
(256,'Nava','COA'),
(257,'Ocampo','COA'),
(258,'Parras','COA'),
(259,'Piedras Negras','COA'),
(260,'Progreso','COA'),
(261,'Ramos Arizpe','COA'),
(262,'Sabinas','COA'),
(263,'Sacramento','COA'),
(264,'Saltillo','COA'),
(265,'San Buenaventura','COA'),
(266,'San Juan de Sabinas','COA'),
(267,'San Pedro','COA'),
(268,'Sierra Mojada','COA'),
(269,'Torreón','COA'),
(270,'Viesca','COA'),
(271,'Villa Unión','COA'),
(272,'Zaragoza','COA'),
(273,'Armería','COL'),
(274,'Colima','COL'),
(275,'Comala','COL'),
(276,'Coquimatlán','COL'),
(277,'Cuauhtémoc','COL'),
(278,'Ixtlahuacán','COL'),
(279,'Manzanillo','COL'),
(280,'Minatitlán','COL'),
(281,'Tecomán','COL'),
(282,'Villa de Alvarez','COL'),
(283,'Canatlán','DUR'),
(284,'Canelas','DUR'),
(285,'Coneto de Comonfort','DUR'),
(286,'Cuencamé','DUR'),
(287,'Durango','DUR'),
(288,'El Oro','DUR'),
(289,'Gómez Palacio','DUR'),
(290,'Gral. Simón Boívar','DUR'),
(291,'Guadalupe Victoria','DUR'),
(292,'Guanaceví','DUR'),
(293,'Hidalgo','DUR'),
(294,'Indé','DUR'),
(295,'Lerdo','DUR'),
(296,'Mapimí','DUR'),
(297,'Mezquital','DUR'),
(298,'Nazas','DUR'),
(299,'Nombre de Dios','DUR'),
(300,'Nuevo Ideal','DUR'),
(301,'Ocampo','DUR'),
(302,'Otáez','DUR'),
(303,'Pánuco de Coronado','DUR'),
(304,'Peñón Blanco','DUR'),
(305,'Poanas','DUR'),
(306,'Pueblo Nuevo','DUR'),
(307,'Rodeo','DUR'),
(308,'San Bernardo','DUR'),
(309,'San Dimas','DUR'),
(310,'San Juan de Guadalupe','DUR'),
(311,'San Juan del Río','DUR'),
(312,'San Luis del Cordero','DUR'),
(313,'San Pedro del Gallo','DUR'),
(314,'Santa Clara','DUR'),
(315,'Santiago Papasquiaro','DUR'),
(316,'Súchil','DUR'),
(317,'Tamazula','DUR'),
(318,'Tepehuanes','DUR'),
(319,'Tlahualilo','DUR'),
(320,'Topia','DUR'),
(321,'Vicente Guerrero','DUR'),
(322,'Abasolo','GUA'),
(323,'Acámbaro','GUA'),
(324,'Allende','GUA'),
(325,'Apaseo el Alto','GUA'),
(326,'Apaseo el Grande','GUA'),
(327,'Atarjea','GUA'),
(328,'Celaya','GUA'),
(329,'Comonfort','GUA'),
(330,'Coroneo','GUA'),
(331,'Cortazar','GUA'),
(332,'Cuerámaro','GUA'),
(333,'Doctor Mora','GUA'),
(334,'Dolores Hidalgo','GUA'),
(335,'Guanajuato','GUA'),
(336,'Huanímaro','GUA'),
(337,'Irapuato','GUA'),
(338,'Jaral del Progreso','GUA'),
(339,'Jerécuaro','GUA'),
(340,'León','GUA'),
(341,'Manuel Doblado','GUA'),
(342,'Moroleón','GUA'),
(343,'Ocampo','GUA'),
(344,'Pénjamo','GUA'),
(345,'Pueblo Nuevo','GUA'),
(346,'Purísima del Rincón','GUA'),
(347,'Romita','GUA'),
(348,'Salamanca','GUA'),
(349,'Salvatierra','GUA'),
(350,'San Diego de la Unión','GUA'),
(351,'San Felipe','GUA'),
(352,'San Francisco del Rincón','GUA'),
(353,'San José Iturbide','GUA'),
(354,'San Luis de la Paz','GUA'),
(355,'Santa Catarina','GUA'),
(356,'Santa Cruz de Juventino Rosas','GUA'),
(357,'Santiago Maravatío','GUA'),
(358,'Silao','GUA'),
(359,'Tarandacuao','GUA'),
(360,'Tarimoro','GUA'),
(361,'Tierra Blanca','GUA'),
(362,'Uriangato','GUA'),
(363,'Valle de Santiago','GUA'),
(364,'Victoria','GUA'),
(365,'Villagrán','GUA'),
(366,'Xichú','GUA'),
(367,'Yuriria','GUA'),
(368,'Acapulco de Juárez','GRO'),
(369,'Acatepec','GRO'),
(370,'Ahuacuotzingo','GRO'),
(371,'Ajuchitlán del Progreso','GRO'),
(372,'Alcozauca de Guerrero','GRO'),
(373,'Alpoyeca','GRO'),
(374,'Apaxtla','GRO'),
(375,'Arcelia','GRO'),
(376,'Atenango del Río','GRO'),
(377,'Atlamajalcingo del Monte','GRO'),
(378,'Atlixtac','GRO'),
(379,'Atoyac de Alvarez','GRO'),
(380,'Ayutla de los Libres','GRO'),
(381,'Azoyú','GRO'),
(382,'Benito Juárez','GRO'),
(383,'Buenavista de Cuéllar','GRO'),
(384,'Chilapa de Alvarez','GRO'),
(385,'Chilpancingo de los Bravo','GRO'),
(386,'Coahuayutla de José María Izazaga','GRO'),
(387,'Cochoapa el Grande','GRO'),
(388,'Cocula','GRO'),
(389,'Copala','GRO'),
(390,'Copalillo','GRO'),
(391,'Copanatoyac','GRO'),
(392,'Coyuca de Benítez','GRO'),
(393,'Coyuca de Catalán','GRO'),
(394,'Cuajinicuilapa','GRO'),
(395,'Cualác','GRO'),
(396,'Cuautepec','GRO'),
(397,'Cuetzala del Progreso','GRO'),
(398,'Cutzamala de Pinzón','GRO'),
(399,'Eduardo Neri','GRO'),
(400,'Florencio Villarreal','GRO'),
(401,'General Canuto A. Neri','GRO'),
(402,'General Heliodoro Castillo','GRO'),
(403,'Huamuxtitlán','GRO'),
(404,'Huitzuco de los Figueroa','GRO'),
(405,'Iguala de la Independencia','GRO'),
(406,'Igualapa','GRO'),
(407,'Ixcateopan de Cuauhtémoc','GRO'),
(408,'José Azueta','GRO'),
(409,'José Joaquin de Herrera','GRO'),
(410,'Juan R. Escudero','GRO'),
(411,'La Unión de Isidoro Montes de Oca','GRO'),
(412,'Leonardo Bravo','GRO'),
(413,'Malinaltepec','GRO'),
(414,'Marquelia','GRO'),
(415,'Mártir de Cuilapan','GRO'),
(416,'Metlatónoc','GRO'),
(417,'Mochitlán','GRO'),
(418,'Olinalá','GRO'),
(419,'Ometepec','GRO'),
(420,'Pedro Ascencio Alquisiras','GRO'),
(421,'Petatlán','GRO'),
(422,'Pilcaya','GRO'),
(423,'Pungarabato','GRO'),
(424,'Quechultenango','GRO'),
(425,'San Luis Acatlán','GRO'),
(426,'San Marcos','GRO'),
(427,'San Miguel Totolapan','GRO'),
(428,'Taxco de Alarcón','GRO'),
(429,'Tecoanapa','GRO'),
(430,'Técpan de Galeana','GRO'),
(431,'Teloloapan','GRO'),
(432,'Tepecoacuilco de Trujano','GRO'),
(433,'Tetipac','GRO'),
(434,'Tixtla de Guerrero','GRO'),
(435,'Tlacoachistlahuaca','GRO'),
(436,'Tlacoapa','GRO'),
(437,'Tlalchapa','GRO'),
(438,'Tlalixtaquilla de Maldonado','GRO'),
(439,'Tlapa de Comonfort','GRO'),
(440,'Tlapehuala','GRO'),
(441,'Xalpatláhuac','GRO'),
(442,'Xochihuehuetlán','GRO'),
(443,'Xochistlahuaca','GRO'),
(444,'Zapotitlán Tablas','GRO'),
(445,'Zirándaro','GRO'),
(446,'Zitlala','GRO'),
(447,'Acatlán','HID'),
(448,'Acaxochitlán','HID'),
(449,'Actopan','HID'),
(450,'Agua Blanca de Iturbide','HID'),
(451,'Ajacuba','HID'),
(452,'Alfajayucan','HID'),
(453,'Almoloya','HID'),
(454,'Apan','HID'),
(455,'Atitalaquia','HID'),
(456,'Atlapexco','HID'),
(457,'Atotonilco de Tula','HID'),
(458,'Atotonilco el Grande','HID'),
(459,'Calnali','HID'),
(460,'Cardonal','HID'),
(461,'Chapantongo','HID'),
(462,'Chapulhuacán','HID'),
(463,'Chilcuautla','HID'),
(464,'Cuautepec de Hinojosa','HID'),
(465,'El Arenal','HID'),
(466,'Eloxochitlán','HID'),
(467,'Emiliano Zapata','HID'),
(468,'Epazoyucan','HID'),
(469,'Francisco I. Madero','HID'),
(470,'Huasca de Ocampo','HID'),
(471,'Huautla','HID'),
(472,'Huazalingo','HID'),
(473,'Huehuetla','HID'),
(474,'Huejutla de Reyes','HID'),
(475,'Huichapan','HID'),
(476,'Ixmiquilpan','HID'),
(477,'Jacala de Ledezma','HID'),
(478,'Jaltocán','HID'),
(479,'Juárez Hidalgo','HID'),
(480,'La Misión','HID'),
(481,'Lolotla','HID'),
(482,'Metepec','HID'),
(483,'Metztitlán','HID'),
(484,'Mineral de la Reforma','HID'),
(485,'Mineral del Chico','HID'),
(486,'Mineral del Monte','HID'),
(487,'Mixquiahuala de Juárez','HID'),
(488,'Molango de Escamilla','HID'),
(489,'Nicolás Flores','HID'),
(490,'Nopala de Villagrán','HID'),
(491,'Omitlán de Juárez','HID'),
(492,'Pachuca de Soto','HID'),
(493,'Pacula','HID'),
(494,'Pisaflores','HID'),
(495,'Progreso de Obregón','HID'),
(496,'San Agustín Metzquititlán','HID'),
(497,'San Agustín Tlaxiaca','HID'),
(498,'San Bartolo Tutotepec','HID'),
(499,'San Felipe Orizatlán','HID'),
(500,'San Salvador','HID'),
(501,'Santiago de Anaya','HID'),
(502,'Santiago Tulantepec de Lugo Guerre','HID'),
(503,'Singuilucan','HID'),
(504,'Tasquillo','HID'),
(505,'Tecozautla','HID'),
(506,'Tenango de Doria','HID'),
(507,'Tepeapulco','HID'),
(508,'Tepehuacán de Guerrero','HID'),
(509,'Tepeji del Río de Ocampo','HID'),
(510,'Tepetitlán','HID'),
(511,'Tetepango','HID'),
(512,'Tezontepec de Aldama','HID'),
(513,'Tianguistengo','HID'),
(514,'Tizayuca','HID'),
(515,'Tlahuelilpan','HID'),
(516,'Tlahuiltepa','HID'),
(517,'Tlanalapa','HID'),
(518,'Tlanchinol','HID'),
(519,'Tlaxcoapan','HID'),
(520,'Tolcayuca','HID'),
(521,'Tula de Allende','HID'),
(522,'Tulancingo de Bravo','HID'),
(523,'Villa de Tezontepec','HID'),
(524,'Xochiatipan','HID'),
(525,'Xochicoatlán','HID'),
(526,'Yahualica','HID'),
(527,'Zacualtipán de Angeles','HID'),
(528,'Zapotlán de Juárez','HID'),
(529,'Zempoala','HID'),
(530,'Zimapán','HID'),
(531,'Acatic','JAL'),
(532,'Acatlán de Juárez','JAL'),
(533,'Ahualulco de Mercado','JAL'),
(534,'Amacueca','JAL'),
(535,'Amatitán','JAL'),
(536,'Ameca','JAL'),
(537,'Arandas','JAL'),
(538,'Atemajac de Brizuela','JAL'),
(539,'Atengo','JAL'),
(540,'Atenguillo ','JAL'),
(541,'Atotonilco el Alto','JAL'),
(542,'Atoyac','JAL'),
(543,'Autlán de Navarro','JAL'),
(544,'Ayotlán','JAL'),
(545,'Ayutla','JAL'),
(546,'Bolaños','JAL'),
(547,'Cabo Corrientes','JAL'),
(548,'Cañadas de Obregón ','JAL'),
(549,'Casimiro Castillo','JAL'),
(550,'Chapala','JAL'),
(551,'Chimaltitán ','JAL'),
(552,'Chiquilistlán','JAL'),
(553,'Cihuatlán','JAL'),
(554,'Cocula','JAL'),
(555,'Colotlán','JAL'),
(556,'Concepción de Buenos Aires','JAL'),
(557,'Cuautitlán de García Barragán','JAL'),
(558,'Cuautla ','JAL'),
(559,'Cuquío','JAL'),
(560,'Degollado','JAL'),
(561,'Ejutla ','JAL'),
(562,'El Arenal','JAL'),
(563,'El Grullo','JAL'),
(564,'El Limón','JAL'),
(565,'El Salto','JAL'),
(566,'Encarnación de Díaz','JAL'),
(567,'Etzatlán','JAL'),
(568,'Gómez Farías','JAL'),
(569,'Guachinango ','JAL'),
(570,'Guadalajara','JAL'),
(571,'Hostotipaquillo','JAL'),
(572,'Huejúcar','JAL'),
(573,'Huejuquilla el Alto','JAL'),
(574,'Ixtlahuacán de los Membrillos','JAL'),
(575,'Ixtlahuacán del Río','JAL'),
(576,'Jalostotitlán','JAL'),
(577,'Jamay','JAL'),
(578,'Jesús María','JAL'),
(579,'Jilotlán de los Dolores','JAL'),
(580,'Jocotepec','JAL'),
(581,'Juanacatlán','JAL'),
(582,'Juchitlán','JAL'),
(583,'La Barca','JAL'),
(584,'La Huerta','JAL'),
(585,'La Manzanilla de la Paz ','JAL'),
(586,'Lagos de Moreno','JAL'),
(587,'Magdalena','JAL'),
(588,'Mascota','JAL'),
(589,'Mazamitla','JAL'),
(590,'Mexticacán','JAL'),
(591,'Mezquitic ','JAL'),
(592,'Mixtlán ','JAL'),
(593,'Ocotlán','JAL'),
(594,'Ojuelos de Jalisco','JAL'),
(595,'Pihuamo','JAL'),
(596,'Poncitlán','JAL'),
(597,'Puerto Vallarta','JAL'),
(598,'Quitupan','JAL'),
(599,'San Cristóbal de la Barranca ','JAL'),
(600,'San Diego de Alejandría','JAL'),
(601,'San Gabriel','JAL'),
(602,'San Ignacio Cerro Gordo','JAL'),
(603,'San Juan de los Lagos','JAL'),
(604,'San Juanito de Escobedo','JAL'),
(605,'San Julián','JAL'),
(606,'San Marcos ','JAL'),
(607,'San Martín de Bolaños ','JAL'),
(608,'San Martín Hidalgo','JAL'),
(609,'San Miguel el Alto','JAL'),
(610,'San Pedro Tlaquepaque','JAL'),
(611,'San Sebastián del Oeste','JAL'),
(612,'Santa María de los Ángeles ','JAL'),
(613,'Santa María del Oro ','JAL'),
(614,'Sayula','JAL'),
(615,'Tala','JAL'),
(616,'Talpa de Allende','JAL'),
(617,'Tamazula de Gordiano','JAL'),
(618,'Tapalpa','JAL'),
(619,'Tecalitlán','JAL'),
(620,'Techaluta de Montenegro ','JAL'),
(621,'Tecolotlán','JAL'),
(622,'Tenamaxtlán','JAL'),
(623,'Teocaltiche','JAL'),
(624,'Teocuitatlán de Corona','JAL'),
(625,'Tepatitlán de Morelos','JAL'),
(626,'Tequila','JAL'),
(627,'Teuchitlán','JAL'),
(628,'Tizapán el Alto','JAL'),
(629,'Tlajomulco de Zúñiga','JAL'),
(630,'Tolimán','JAL'),
(631,'Tomatlán','JAL'),
(632,'Tonalá','JAL'),
(633,'Tonaya','JAL'),
(634,'Tonila','JAL'),
(635,'Totatiche','JAL'),
(636,'Tototlán','JAL'),
(637,'Tuxcacuesco ','JAL'),
(638,'Tuxcueca','JAL'),
(639,'Tuxpan','JAL'),
(640,'Unión de San Antonio','JAL'),
(641,'Unión de Tula','JAL'),
(642,'Valle de Guadalupe','JAL'),
(643,'Valle de Juárez','JAL'),
(644,'Villa Corona','JAL'),
(645,'Villa Guerrero','JAL'),
(646,'Villa Hidalgo','JAL'),
(647,'Villa Purificación','JAL'),
(648,'Yahualica de González Gallo','JAL'),
(649,'Zacoalco de Torres','JAL'),
(650,'Zapopan','JAL'),
(651,'Zapotiltic','JAL'),
(652,'Zapotitlán de Vadillo','JAL'),
(653,'Zapotlán del Rey','JAL'),
(654,'Zapotlán el Grande','JAL'),
(655,'Zapotlanejo','JAL'),
(656,'Acambay','MEX'),
(657,'Acolman','MEX'),
(658,'Aculco','MEX'),
(659,'Almoloya de Alquisiras','MEX'),
(660,'Almoloya de Juárez','MEX'),
(661,'Almoloya del Río','MEX'),
(662,'Amanalco','MEX'),
(663,'Amatepec','MEX'),
(664,'Amecameca','MEX'),
(665,'Apaxco','MEX'),
(666,'Atenco','MEX'),
(667,'Atizapán','MEX'),
(668,'Atizapán de Zaragoza','MEX'),
(669,'Atlacomulco','MEX'),
(670,'Atlautla','MEX'),
(671,'Axapusco','MEX'),
(672,'Ayapango','MEX'),
(673,'Calimaya','MEX'),
(674,'Capulhuac','MEX'),
(675,'Chalco','MEX'),
(676,'Chapa de Mota','MEX'),
(677,'Chapultepec','MEX'),
(678,'Chiautla','MEX'),
(679,'Chicoloapan','MEX'),
(680,'Chiconcuac','MEX'),
(681,'Chimalhuacán','MEX'),
(682,'Coacalco de Berriozábal','MEX'),
(683,'Coatepec Harinas','MEX'),
(684,'Cocotitlán','MEX'),
(685,'Coyotepec','MEX'),
(686,'Cuautitlán','MEX'),
(687,'Cuautitlán Izcalli','MEX'),
(688,'Donato Guerra','MEX'),
(689,'Ecatepec de Morelos','MEX'),
(690,'Ecatzingo','MEX'),
(691,'El Oro','MEX'),
(692,'Huehuetoca','MEX'),
(693,'Hueypoxtla','MEX'),
(694,'Huixquilucan','MEX'),
(695,'Isidro Fabela','MEX'),
(696,'Ixtapaluca','MEX'),
(697,'Ixtapan de la Sal','MEX'),
(698,'Ixtapan del Oro','MEX'),
(699,'Ixtlahuaca','MEX'),
(700,'Jaltenco','MEX'),
(701,'Jilotepec','MEX'),
(702,'Jilotzingo','MEX'),
(703,'Jiquipilco','MEX'),
(704,'Jocotitlán','MEX'),
(705,'Joquicingo','MEX'),
(706,'Juchitepec','MEX'),
(707,'La Paz','MEX'),
(708,'Lerma','MEX'),
(709,'Luvianos','MEX'),
(710,'Malinalco','MEX'),
(711,'Melchor Ocampo','MEX'),
(712,'Metepec','MEX'),
(713,'Mexicaltzingo','MEX'),
(714,'Morelos','MEX'),
(715,'Naucalpan de Juárez','MEX'),
(716,'Nextlalpan','MEX'),
(717,'Nezahualcóyotl','MEX'),
(718,'Nicolás Romero','MEX'),
(719,'Nopaltepec','MEX'),
(720,'Ocoyoacac','MEX'),
(721,'Ocuilan','MEX'),
(722,'Otumba','MEX'),
(723,'Otzoloapan','MEX'),
(724,'Otzolotepec','MEX'),
(725,'Ozumba','MEX'),
(726,'Papalotla','MEX'),
(727,'Polotitlán','MEX'),
(728,'Rayón','MEX'),
(729,'San Antonio la Isla','MEX'),
(730,'San Felipe del Progreso','MEX'),
(731,'San José del Rincón','MEX'),
(732,'San Martín de las Pirámides','MEX'),
(733,'San Mateo Atenco','MEX'),
(734,'San Simón de Guerrero','MEX'),
(735,'Santo Tomás','MEX'),
(736,'Soyaniquilpan de Juárez','MEX'),
(737,'Sultepec','MEX'),
(738,'Tecámac','MEX'),
(739,'Tejupilco','MEX'),
(740,'Temamatla','MEX'),
(741,'Temascalapa','MEX'),
(742,'Temascalcingo','MEX'),
(743,'Temascaltepec','MEX'),
(744,'Temoaya','MEX'),
(745,'Tenancingo','MEX'),
(746,'Tenango del Aire','MEX'),
(747,'Tenango del Valle','MEX'),
(748,'Teoloyucán','MEX'),
(749,'Teotihuacán','MEX'),
(750,'Tepetlaoxtoc','MEX'),
(751,'Tepetlixpa','MEX'),
(752,'Tepotzotlán','MEX'),
(753,'Tequixquiac','MEX'),
(754,'Texcaltitlán','MEX'),
(755,'Texcalyacac','MEX'),
(756,'Texcoco','MEX'),
(757,'Tezoyuca','MEX'),
(758,'Tianguistenco','MEX'),
(759,'Timilpan','MEX'),
(760,'Tlalmanalco','MEX'),
(761,'Tlalnepantla de Baz','MEX'),
(762,'Tlatlaya','MEX'),
(763,'Toluca','MEX'),
(764,'Tonanitla','MEX'),
(765,'Tonatico','MEX'),
(766,'Tultepec','MEX'),
(767,'Tultitlán','MEX'),
(768,'Valle de Bravo','MEX'),
(769,'Valle de Chalco Solidaridad','MEX'),
(770,'Villa de Allende','MEX'),
(771,'Villa del Carbón','MEX'),
(772,'Villa Guerrero','MEX'),
(773,'Villa Victoria','MEX'),
(774,'Xalatlaco','MEX'),
(775,'Xonacatlán','MEX'),
(776,'Zacazonapan','MEX'),
(777,'Zacualpan','MEX'),
(778,'Zinacantepec','MEX'),
(779,'Zumpahuacán','MEX'),
(780,'Zumpango','MEX'),
(781,'Acuitzio','MIC'),
(782,'Aguililla','MIC'),
(783,'Alvaro Obregón','MIC'),
(784,'Angamacutiro','MIC'),
(785,'Angangueo','MIC'),
(786,'Apatzingán','MIC'),
(787,'Aporo','MIC'),
(788,'Aquila','MIC'),
(789,'Ario','MIC'),
(790,'Arteaga','MIC'),
(791,'Briseñas','MIC'),
(792,'Buenavista','MIC'),
(793,'Carácuaro','MIC'),
(794,'Charapan','MIC'),
(795,'Charo','MIC'),
(796,'Chavinda','MIC'),
(797,'Cherán','MIC'),
(798,'Chilchota','MIC'),
(799,'Chinicuila','MIC'),
(800,'Chucándiro','MIC'),
(801,'Churintzio','MIC'),
(802,'Churumuco','MIC'),
(803,'Coahuayana','MIC'),
(804,'Coalcomán de Vázquez Pallares','MIC'),
(805,'Coeneo','MIC'),
(806,'Cojumatlán de Régules','MIC'),
(807,'Contepec','MIC'),
(808,'Copándaro','MIC'),
(809,'Cotija','MIC'),
(810,'Cuitzeo','MIC'),
(811,'Ecuandureo','MIC'),
(812,'Epitacio Huerta','MIC'),
(813,'Erongarícuaro','MIC'),
(814,'Gabriel Zamora','MIC'),
(815,'Hidalgo','MIC'),
(816,'Huandacareo','MIC'),
(817,'Huaniqueo','MIC'),
(818,'Huetamo','MIC'),
(819,'Huiramba','MIC'),
(820,'Indaparapeo','MIC'),
(821,'Irimbo','MIC'),
(822,'Ixtlán','MIC'),
(823,'Jacona','MIC'),
(824,'Jiménez','MIC'),
(825,'Jiquilpan','MIC'),
(826,'José Sixto Verduzco','MIC'),
(827,'Juárez','MIC'),
(828,'Jungapeo','MIC'),
(829,'La Huacana','MIC'),
(830,'La Piedad','MIC'),
(831,'Lagunillas','MIC'),
(832,'Lázaro Cárdenas','MIC'),
(833,'Los Reyes','MIC'),
(834,'Madero','MIC'),
(835,'Maravatío','MIC'),
(836,'Marcos Castellanos','MIC'),
(837,'Morelia','MIC'),
(838,'Morelos','MIC'),
(839,'Múgica','MIC'),
(840,'Nahuatzen','MIC'),
(841,'Nocupétaro','MIC'),
(842,'Nuevo Parangaricutiro','MIC'),
(843,'Nuevo Urecho','MIC'),
(844,'Numarán','MIC'),
(845,'Ocampo','MIC'),
(846,'Pajacuarán','MIC'),
(847,'Panindícuaro','MIC'),
(848,'Paracho','MIC'),
(849,'Parácuaro','MIC'),
(850,'Pátzcuaro','MIC'),
(851,'Penjamillo','MIC'),
(852,'Peribán','MIC'),
(853,'Purépero','MIC'),
(854,'Puruándiro','MIC'),
(855,'Queréndaro','MIC'),
(856,'Quiroga','MIC'),
(857,'Sahuayo','MIC'),
(858,'Salvador Escalante','MIC'),
(859,'San Lucas','MIC'),
(860,'Santa Ana Maya','MIC'),
(861,'Senguio','MIC'),
(862,'Susupuato','MIC'),
(863,'Tacámbaro','MIC'),
(864,'Tancítaro','MIC'),
(865,'Tangamandapio','MIC'),
(866,'Tangancícuaro','MIC'),
(867,'Tanhuato','MIC'),
(868,'Taretan','MIC'),
(869,'Tarímbaro','MIC'),
(870,'Tepalcatepec','MIC'),
(871,'Ting?indín','MIC'),
(872,'Tingambato','MIC'),
(873,'Tiquicheo de Nicolás Romero','MIC'),
(874,'Tlalpujahua','MIC'),
(875,'Tlazazalca','MIC'),
(876,'Tocumbo','MIC'),
(877,'Tumbiscatío','MIC'),
(878,'Turicato','MIC'),
(879,'Tuxpan','MIC'),
(880,'Tuzantla','MIC'),
(881,'Tzintzuntzan','MIC'),
(882,'Tzitzio','MIC'),
(883,'Uruapan','MIC'),
(884,'Venustiano Carranza','MIC'),
(885,'Villamar','MIC'),
(886,'Vista Hermosa','MIC'),
(887,'Yurécuaro','MIC'),
(888,'Zacapu','MIC'),
(889,'Zamora','MIC'),
(890,'Zináparo','MIC'),
(891,'Zinapécuaro','MIC'),
(892,'Ziracuaretiro','MIC'),
(893,'Zitácuaro','MIC'),
(894,'Amacuzac','MOR'),
(895,'Atlatlahucan','MOR'),
(896,'Axochiapan','MOR'),
(897,'Ayala','MOR'),
(898,'Coatlán del Río','MOR'),
(899,'Cuautla','MOR'),
(900,'Cuernavaca','MOR'),
(901,'Emiliano Zapata','MOR'),
(902,'Huitzilac','MOR'),
(903,'Jantetelco','MOR'),
(904,'Jiutepec','MOR'),
(905,'Jojutla','MOR'),
(906,'Jonacatepec','MOR'),
(907,'Mazatepec','MOR'),
(908,'Miacatlán','MOR'),
(909,'Ocuituco','MOR'),
(910,'Puente de Ixtla','MOR'),
(911,'Temixco','MOR'),
(912,'Temoac','MOR'),
(913,'Tepalcingo','MOR'),
(914,'Tepoztlán','MOR'),
(915,'Tetecala','MOR'),
(916,'Tetela del Volcán','MOR'),
(917,'Tlalnepantla','MOR'),
(918,'Tlaltizapán','MOR'),
(919,'Tlaquiltenango','MOR'),
(920,'Tlayacapan','MOR'),
(921,'Totolapan','MOR'),
(922,'Xochitepec','MOR'),
(923,'Yautepec','MOR'),
(924,'Yecapixtla','MOR'),
(925,'Zacatepec de Hidalgo','MOR'),
(926,'Zacualpan de Amilpas','MOR'),
(927,'Acaponeta','NAY'),
(928,'Ahuacatlán','NAY'),
(929,'Amatlán de Cañas','NAY'),
(930,'Bahía de Banderas','NAY'),
(931,'Compostela','NAY'),
(932,'Del Nayar','NAY'),
(933,'Huajicori','NAY'),
(934,'Ixtlán del Río','NAY'),
(935,'Jala','NAY'),
(936,'La Yesca','NAY'),
(937,'Rosamorada','NAY'),
(938,'Ruíz','NAY'),
(939,'San Blas','NAY'),
(940,'San Pedro Lagunillas','NAY'),
(941,'Santa María del Oro','NAY'),
(942,'Santiago Ixcuintla','NAY'),
(943,'Tecuala','NAY'),
(944,'Tepic','NAY'),
(945,'Tuxpan','NAY'),
(946,'Xalisco','NAY'),
(947,'Abasolo','NLE'),
(948,'Agualeguas','NLE'),
(949,'Allende','NLE'),
(950,'Anáhuac','NLE'),
(951,'Apodaca','NLE'),
(952,'Aramberri','NLE'),
(953,'Bustamante','NLE'),
(954,'Cadereyta Jiménez','NLE'),
(955,'Carmen','NLE'),
(956,'Cerralvo','NLE'),
(957,'China','NLE'),
(958,'Ciénega de Flores','NLE'),
(959,'Dr. Coss','NLE'),
(960,'Dr. Arroyo','NLE'),
(961,'Dr. González','NLE'),
(962,'Galeana','NLE'),
(963,'García','NLE'),
(964,'Gral. Escobedo','NLE'),
(965,'Gral. Terán','NLE'),
(966,'Gral. Treviño','NLE'),
(967,'Gral. Zaragoza','NLE'),
(968,'Gral. Zuazua','NLE'),
(969,'Gral. Bravo','NLE'),
(970,'Guadalupe','NLE'),
(971,'Hidalgo','NLE'),
(972,'Higueras','NLE'),
(973,'Hualahuises','NLE'),
(974,'Iturbide','NLE'),
(975,'Juárez','NLE'),
(976,'Lampazos de Naranjo','NLE'),
(977,'Linares','NLE'),
(978,'Los Aldamas','NLE'),
(979,'Los Herreras','NLE'),
(980,'Los Ramones','NLE'),
(981,'Marín','NLE'),
(982,'Melchor Ocampo','NLE'),
(983,'Mier y Noriega','NLE'),
(984,'Mina','NLE'),
(985,'Montemorelos','NLE'),
(986,'Monterrey','NLE'),
(987,'Parás','NLE'),
(988,'Pesquería','NLE'),
(989,'Rayones','NLE'),
(990,'Sabinas Hidalgo','NLE'),
(991,'Salinas Victoria','NLE'),
(992,'San Nicolás de los Garza','NLE'),
(993,'San Pedro Garza García','NLE'),
(994,'Santa Catarina','NLE'),
(995,'Santiago','NLE'),
(996,'Vallecillo','NLE'),
(997,'Villaldama','NLE'),
(998,'Abejones','OAX'),
(999,'Acatlán de Pérez Figueroa','OAX'),
(1000,'Animas Trujano','OAX'),
(1001,'Asunción Cacalotepec','OAX'),
(1002,'Asunción Cuyotepeji','OAX'),
(1003,'Asunción Ixtaltepec','OAX'),
(1004,'Asunción Nochixtlán','OAX'),
(1005,'Asunción Ocotlán','OAX'),
(1006,'Asunción Tlacolulita','OAX'),
(1007,'Ayoquezco de Aldama','OAX'),
(1008,'Ayotzintepec','OAX'),
(1009,'Calihualá','OAX'),
(1010,'Candelaria Loxicha','OAX'),
(1011,'Capulálpam de Méndez','OAX'),
(1012,'Chahuites','OAX'),
(1013,'Chalcatongo de Hidalgo','OAX'),
(1014,'Chiquihuitlán de Benito Juárez','OAX'),
(1015,'Ciénega de Zimatlán','OAX'),
(1016,'Ciudad Ixtepec','OAX'),
(1017,'Coatecas Altas','OAX'),
(1018,'Coicoyán de las Flores','OAX'),
(1019,'Concepción Buenavista','OAX'),
(1020,'Concepción Pápalo','OAX'),
(1021,'Constancia del Rosario','OAX'),
(1022,'Cosolapa','OAX'),
(1023,'Cosoltepec','OAX'),
(1024,'Cuilápam de Guerrero','OAX'),
(1025,'Cuyamecalco Villa de Zaragoza','OAX'),
(1026,'El Barrio de la Soledad','OAX'),
(1027,'El Espinal','OAX'),
(1028,'Eloxochitlán de Flores Magón','OAX'),
(1029,'Fresnillo de Trujano','OAX'),
(1030,'Guadalupe de Ramírez','OAX'),
(1031,'Guadalupe Etla','OAX'),
(1032,'Guelatao de Juárez','OAX'),
(1033,'Guevea de Humboldt','OAX'),
(1034,'Heroica Ciudad de Ejutla de Crespo','OAX'),
(1035,'Heroica Ciudad de Huajuapan de Leó','OAX'),
(1036,'Heroica Ciudad de Tlaxiaco','OAX'),
(1037,'Huautepec','OAX'),
(1038,'Huautla de Jiménez','OAX'),
(1039,'Ixpantepec Nieves','OAX'),
(1040,'Ixtlán de Juárez','OAX'),
(1041,'Juchitán de Zaragoza','OAX'),
(1042,'La Compañía','OAX'),
(1043,'La Pe','OAX'),
(1044,'La Reforma','OAX'),
(1045,'La Trinidad Vista Hermosa','OAX'),
(1046,'Loma Bonita','OAX'),
(1047,'Magdalena Apasco','OAX'),
(1048,'Magdalena Jaltepec','OAX'),
(1049,'Magdalena Mixtepec','OAX'),
(1050,'Magdalena Ocotlán','OAX'),
(1051,'Magdalena Peñasco','OAX'),
(1052,'Magdalena Teitipac','OAX'),
(1053,'Magdalena Tequisistlán','OAX'),
(1054,'Magdalena Tlacotepec','OAX'),
(1055,'Magdalena Yodocono de Porfirio Día','OAX'),
(1056,'Magdalena Zahuatlán','OAX'),
(1057,'Mariscala de Juárez','OAX'),
(1058,'Mártires de Tacubaya','OAX'),
(1059,'Matías Romero Avendaño','OAX'),
(1060,'Mazatlán Villa de Flores','OAX'),
(1061,'Mesones Hidalgo','OAX'),
(1062,'Miahuatlán de Porfirio Díaz','OAX'),
(1063,'Mixistlán de la Reforma','OAX'),
(1064,'Monjas','OAX'),
(1065,'Natividad','OAX'),
(1066,'Nazareno Etla','OAX'),
(1067,'Nejapa de Madero','OAX'),
(1068,'Nuevo Zoquiapam','OAX'),
(1069,'Oaxaca de Juárez','OAX'),
(1070,'Ocotlán de Morelos','OAX'),
(1071,'Pinotepa de Don Luis','OAX'),
(1072,'Pluma Hidalgo','OAX'),
(1073,'Putla Villa de Guerrero','OAX'),
(1074,'Reforma de Pineda','OAX'),
(1075,'Reyes Etla','OAX'),
(1076,'Rojas de Cuauhtémoc','OAX'),
(1077,'Salina Cruz','OAX'),
(1078,'San Agustín Amatengo','OAX'),
(1079,'San Agustín Atenango','OAX'),
(1080,'San Agustín Chayuco','OAX'),
(1081,'San Agustín de las Juntas','OAX'),
(1082,'San Agustín Etla','OAX'),
(1083,'San Agustín Loxicha','OAX'),
(1084,'San Agustín Tlacotepec','OAX'),
(1085,'San Agustín Yatareni','OAX'),
(1086,'San Andrés Cabecera Nueva','OAX'),
(1087,'San Andrés Dinicuiti','OAX'),
(1088,'San Andrés Huaxpaltepec','OAX'),
(1089,'San Andrés Huayapam','OAX'),
(1090,'San Andrés Ixtlahuaca','OAX'),
(1091,'San Andrés Lagunas','OAX'),
(1092,'San Andrés Nuxiño','OAX'),
(1093,'San Andrés Paxtlán','OAX'),
(1094,'San Andrés Sinaxtla','OAX'),
(1095,'San Andrés Solaga','OAX'),
(1096,'San Andrés Teotilalpam','OAX'),
(1097,'San Andrés Tepetlapa','OAX'),
(1098,'San Andrés Yaá','OAX'),
(1099,'San Andrés Zabache','OAX'),
(1100,'San Andrés Zautla','OAX'),
(1101,'San Antonino Castillo Velasco','OAX'),
(1102,'San Antonino el Alto','OAX'),
(1103,'San Antonino Monte Verde','OAX'),
(1104,'San Antonio Acutla','OAX'),
(1105,'San Antonio de la Cal','OAX'),
(1106,'San Antonio Huitepec','OAX'),
(1107,'San Antonio Nanahuatípam','OAX'),
(1108,'San Antonio Sinicahua','OAX'),
(1109,'San Antonio Tepetlapa','OAX'),
(1110,'San Baltazar Chichicápam','OAX'),
(1111,'San Baltazar Loxicha','OAX'),
(1112,'San Baltazar Yatzachi el Bajo','OAX'),
(1113,'San Bartolo Coyotepec','OAX'),
(1114,'San Bartolo Soyaltepec','OAX'),
(1115,'San Bartolo Yautepec','OAX'),
(1116,'San Bartolomé Ayautla','OAX'),
(1117,'San Bartolomé Loxicha','OAX'),
(1118,'San Bartolomé Quialana','OAX'),
(1119,'San Bartolomé Yucuañe','OAX'),
(1120,'San Bartolomé Zoogocho','OAX'),
(1121,'San Bernardo Mixtepec','OAX'),
(1122,'San Blas Atempa','OAX'),
(1123,'San Carlos Yautepec','OAX'),
(1124,'San Cristóbal Amatlán','OAX'),
(1125,'San Cristóbal Amoltepec','OAX'),
(1126,'San Cristóbal Lachirioag','OAX'),
(1127,'San Cristóbal Suchixtlahuaca','OAX'),
(1128,'San Dionisio del Mar','OAX'),
(1129,'San Dionisio Ocotepec','OAX'),
(1130,'San Dionisio Ocotlán','OAX'),
(1131,'San Esteban Atatlahuca','OAX'),
(1132,'San Felipe Jalapa de Díaz','OAX'),
(1133,'San Felipe Tejalapam','OAX'),
(1134,'San Felipe Usila','OAX'),
(1135,'San Francisco Cahuacuá','OAX'),
(1136,'San Francisco Cajonos','OAX'),
(1137,'San Francisco Chapulapa','OAX'),
(1138,'San Francisco Chindúa','OAX'),
(1139,'San Francisco del Mar','OAX'),
(1140,'San Francisco Huehuetlán','OAX'),
(1141,'San Francisco Ixhuatán','OAX'),
(1142,'San Francisco Jaltepetongo','OAX'),
(1143,'San Francisco Lachigoló','OAX'),
(1144,'San Francisco Logueche','OAX'),
(1145,'San Francisco Nuxaño','OAX'),
(1146,'San Francisco Ozolotepec','OAX'),
(1147,'San Francisco Sola','OAX'),
(1148,'San Francisco Telixtlahuaca','OAX'),
(1149,'San Francisco Teopan','OAX'),
(1150,'San Francisco Tlapancingo','OAX'),
(1151,'San Gabriel Mixtepec','OAX'),
(1152,'San Ildefonso Amatlán','OAX'),
(1153,'San Ildefonso Sola','OAX'),
(1154,'San Ildefonso Villa Alta','OAX'),
(1155,'San Jacinto Amilpas','OAX'),
(1156,'San Jacinto Tlacotepec','OAX'),
(1157,'San Jerónimo Coatlán','OAX'),
(1158,'San Jerónimo Silacayoapilla','OAX'),
(1159,'San Jerónimo Sosola','OAX'),
(1160,'San Jerónimo Taviche','OAX'),
(1161,'San Jerónimo Tecoátl','OAX'),
(1162,'San Jerónimo Tlacochahuaya','OAX'),
(1163,'San Jorge Nuchita','OAX'),
(1164,'San José Ayuquila','OAX'),
(1165,'San José Chiltepec','OAX'),
(1166,'San José del Peñasco','OAX'),
(1167,'San José del Progreso','OAX'),
(1168,'San José Estancia Grande','OAX'),
(1169,'San José Independencia','OAX'),
(1170,'San José Lachiguiri','OAX'),
(1171,'San José Tenango','OAX'),
(1172,'San Juan ?umí','OAX'),
(1173,'San Juan Achiutla','OAX'),
(1174,'San Juan Atepec','OAX'),
(1175,'San Juan Bautista Atatlahuca','OAX'),
(1176,'San Juan Bautista Coixtlahuaca','OAX'),
(1177,'San Juan Bautista Cuicatlán','OAX'),
(1178,'San Juan Bautista Guelache','OAX'),
(1179,'San Juan Bautista Jayacatlán','OAX'),
(1180,'San Juan Bautista Lo de Soto','OAX'),
(1181,'San Juan Bautista Suchitepec','OAX'),
(1182,'San Juan Bautista Tlachichilco','OAX'),
(1183,'San Juan Bautista Tlacoatzintepec','OAX'),
(1184,'San Juan Bautista Tuxtepec','OAX'),
(1185,'San Juan Bautista Valle Nacional','OAX'),
(1186,'San Juan Cacahuatepec','OAX'),
(1187,'San Juan Chicomezúchil','OAX'),
(1188,'San Juan Chilateca','OAX'),
(1189,'San Juan Cieneguilla','OAX'),
(1190,'San Juan Coatzóspam','OAX'),
(1191,'San Juan Colorado','OAX'),
(1192,'San Juan Comaltepec','OAX'),
(1193,'San Juan Cotzocón','OAX'),
(1194,'San Juan de los Cués','OAX'),
(1195,'San Juan del Estado','OAX'),
(1196,'San Juan del Río','OAX'),
(1197,'San Juan Diuxi','OAX'),
(1198,'San Juan Evangelista Analco','OAX'),
(1199,'San Juan Guelavía','OAX'),
(1200,'San Juan Guichicovi','OAX'),
(1201,'San Juan Ihualtepec','OAX'),
(1202,'San Juan Juquila Mixes','OAX'),
(1203,'San Juan Juquila Vijanos','OAX'),
(1204,'San Juan Lachao','OAX'),
(1205,'San Juan Lachigalla','OAX'),
(1206,'San Juan Lajarcia','OAX'),
(1207,'San Juan Lalana','OAX'),
(1208,'San Juan Mazatlán','OAX'),
(1209,'San Juan Mixtepec','OAX'),
(1210,'San Juan Mixtepec','OAX'),
(1211,'San Juan Ozolotepec','OAX'),
(1212,'San Juan Petlapa','OAX'),
(1213,'San Juan Quiahije','OAX'),
(1214,'San Juan Quiotepec','OAX'),
(1215,'San Juan Sayultepec','OAX'),
(1216,'San Juan Tabaá','OAX'),
(1217,'San Juan Tamazola','OAX'),
(1218,'San Juan Teita','OAX'),
(1219,'San Juan Teitipac','OAX'),
(1220,'San Juan Tepeuxila','OAX'),
(1221,'San Juan Teposcolula','OAX'),
(1222,'San Juan Yaeé','OAX'),
(1223,'San Juan Yatzona','OAX'),
(1224,'San Juan Yucuita','OAX'),
(1225,'San Lorenzo','OAX'),
(1226,'San Lorenzo Albarradas','OAX'),
(1227,'San Lorenzo Cacaotepec','OAX'),
(1228,'San Lorenzo Cuaunecuiltitla','OAX'),
(1229,'San Lorenzo Texmelucan','OAX'),
(1230,'San Lorenzo Victoria','OAX'),
(1231,'San Lucas Camotlán','OAX'),
(1232,'San Lucas Ojitlán','OAX'),
(1233,'San Lucas Quiaviní','OAX'),
(1234,'San Lucas Zoquiápam','OAX'),
(1235,'San Luis Amatlán','OAX'),
(1236,'San Marcial Ozolotepec','OAX'),
(1237,'San Marcos Arteaga','OAX'),
(1238,'San Martín de los Cansecos','OAX'),
(1239,'San Martín Huamelúlpam','OAX'),
(1240,'San Martín Itunyoso','OAX'),
(1241,'San Martín Lachilá','OAX'),
(1242,'San Martín Peras','OAX'),
(1243,'San Martín Tilcajete','OAX'),
(1244,'San Martín Toxpalan','OAX'),
(1245,'San Martín Zacatepec','OAX'),
(1246,'San Mateo Cajonos','OAX'),
(1247,'San Mateo del Mar','OAX'),
(1248,'San Mateo Etlatongo','OAX'),
(1249,'San Mateo Nejápam','OAX'),
(1250,'San Mateo Peñasco','OAX'),
(1251,'San Mateo Piñas','OAX'),
(1252,'San Mateo Río Hondo','OAX'),
(1253,'San Mateo Sindihui','OAX'),
(1254,'San Mateo Tlapiltepec','OAX'),
(1255,'San Mateo Yoloxochitlán','OAX'),
(1256,'San Melchor Betaza','OAX'),
(1257,'San Miguel Achiutla','OAX'),
(1258,'San Miguel Ahuehuetitlán','OAX'),
(1259,'San Miguel Aloápam','OAX'),
(1260,'San Miguel Amatitlán','OAX'),
(1261,'San Miguel Amatlán','OAX'),
(1262,'San Miguel Chicahua','OAX'),
(1263,'San Miguel Chimalapa','OAX'),
(1264,'San Miguel Coatlán','OAX'),
(1265,'San Miguel del Puerto','OAX'),
(1266,'San Miguel del Río','OAX'),
(1267,'San Miguel Ejutla','OAX'),
(1268,'San Miguel el Grande','OAX'),
(1269,'San Miguel Huautla','OAX'),
(1270,'San Miguel Mixtepec','OAX'),
(1271,'San Miguel Panixtlahuaca','OAX'),
(1272,'San Miguel Peras','OAX'),
(1273,'San Miguel Piedras','OAX'),
(1274,'San Miguel Quetzaltepec','OAX'),
(1275,'San Miguel Santa Flor','OAX'),
(1276,'San Miguel Soyaltepec','OAX'),
(1277,'San Miguel Suchixtepec','OAX'),
(1278,'San Miguel Tecomatlán','OAX'),
(1279,'San Miguel Tenango','OAX'),
(1280,'San Miguel Tequixtepec','OAX'),
(1281,'San Miguel Tilquiápam','OAX'),
(1282,'San Miguel Tlacamama','OAX'),
(1283,'San Miguel Tlacotepec','OAX'),
(1284,'San Miguel Tulancingo','OAX'),
(1285,'San Miguel Yotao','OAX'),
(1286,'San Nicolás','OAX'),
(1287,'San Nicolás Hidalgo','OAX'),
(1288,'San Pablo Coatlán','OAX'),
(1289,'San Pablo Cuatro Venados','OAX'),
(1290,'San Pablo Etla','OAX'),
(1291,'San Pablo Huitzo','OAX'),
(1292,'San Pablo Huixtepec','OAX'),
(1293,'San Pablo Macuiltianguis','OAX'),
(1294,'San Pablo Tijaltepec','OAX'),
(1295,'San Pablo Villa de Mitla','OAX'),
(1296,'San Pablo Yaganiza','OAX'),
(1297,'San Pedro Amuzgos','OAX'),
(1298,'San Pedro Apóstol','OAX'),
(1299,'San Pedro Atoyac','OAX'),
(1300,'San Pedro Cajonos','OAX'),
(1301,'San Pedro Comitancillo','OAX'),
(1302,'San Pedro Coxcaltepec Cántaros','OAX'),
(1303,'San Pedro el Alto','OAX'),
(1304,'San Pedro Huamelula','OAX'),
(1305,'San Pedro Huilotepec','OAX'),
(1306,'San Pedro Ixcatlán','OAX'),
(1307,'San Pedro Ixtlahuaca','OAX'),
(1308,'San Pedro Jaltepetongo','OAX'),
(1309,'San Pedro Jicayán','OAX'),
(1310,'San Pedro Jocotipac','OAX'),
(1311,'San Pedro Juchatengo','OAX'),
(1312,'San Pedro Mártir','OAX'),
(1313,'San Pedro Mártir Quiechapa','OAX'),
(1314,'San Pedro Mártir Yucuxaco','OAX'),
(1315,'San Pedro Mixtepec','OAX'),
(1316,'San Pedro Mixtepec','OAX'),
(1317,'San Pedro Molinos','OAX'),
(1318,'San Pedro Nopala','OAX'),
(1319,'San Pedro Ocopetatillo','OAX'),
(1320,'San Pedro Ocotepec','OAX'),
(1321,'San Pedro Pochutla','OAX'),
(1322,'San Pedro Quiatoni','OAX'),
(1323,'San Pedro Sochiapam','OAX'),
(1324,'San Pedro Tapanatepec','OAX'),
(1325,'San Pedro Taviche','OAX'),
(1326,'San Pedro Teozacoalco','OAX'),
(1327,'San Pedro Teutila','OAX'),
(1328,'San Pedro Tidaá','OAX'),
(1329,'San Pedro Topiltepec','OAX'),
(1330,'San Pedro Totolapa','OAX'),
(1331,'San Pedro y San Pablo Ayutla','OAX'),
(1332,'San Pedro y San Pablo Teposcolula','OAX'),
(1333,'San Pedro y San Pablo Tequixtepec','OAX'),
(1334,'San Pedro Yaneri','OAX'),
(1335,'San Pedro Yólox','OAX'),
(1336,'San Pedro Yucunama','OAX'),
(1337,'San Raymundo Jalpan','OAX'),
(1338,'San Sebastián Abasolo','OAX'),
(1339,'San Sebastián Coatlán','OAX'),
(1340,'San Sebastián Ixcapa','OAX'),
(1341,'San Sebastián Nicananduta','OAX'),
(1342,'San Sebastián Río Hondo','OAX'),
(1343,'San Sebastián Tecomaxtlahuaca','OAX'),
(1344,'San Sebastián Teitipac','OAX'),
(1345,'San Sebastián Tutla','OAX'),
(1346,'San Simón Almolongas','OAX'),
(1347,'San Simón Zahuatlán','OAX'),
(1348,'San Vicente Coatlán','OAX'),
(1349,'San Vicente Lachixío','OAX'),
(1350,'San Vicente Nuñú','OAX'),
(1351,'Santa Ana','OAX'),
(1352,'Santa Ana Ateixtlahuaca','OAX'),
(1353,'Santa Ana Cuauhtémoc','OAX'),
(1354,'Santa Ana del Valle','OAX'),
(1355,'Santa Ana Tavela','OAX'),
(1356,'Santa Ana Tlapacoyan','OAX'),
(1357,'Santa Ana Yareni','OAX'),
(1358,'Santa Ana Zegache','OAX'),
(1359,'Santa Catalina Quierí','OAX'),
(1360,'Santa Catarina Cuixtla','OAX'),
(1361,'Santa Catarina Ixtepeji','OAX'),
(1362,'Santa Catarina Juquila','OAX'),
(1363,'Santa Catarina Lachatao','OAX'),
(1364,'Santa Catarina Loxicha','OAX'),
(1365,'Santa Catarina Mechoacán','OAX'),
(1366,'Santa Catarina Minas','OAX'),
(1367,'Santa Catarina Quiané','OAX'),
(1368,'Santa Catarina Quioquitani','OAX'),
(1369,'Santa Catarina Tayata','OAX'),
(1370,'Santa Catarina Ticuá','OAX'),
(1371,'Santa Catarina Yosonotú','OAX'),
(1372,'Santa Catarina Zapoquila','OAX'),
(1373,'Santa Cruz Acatepec','OAX'),
(1374,'Santa Cruz Amilpas','OAX'),
(1375,'Santa Cruz de Bravo','OAX'),
(1376,'Santa Cruz Itundujia','OAX'),
(1377,'Santa Cruz Mixtepec','OAX'),
(1378,'Santa Cruz Nundaco','OAX'),
(1379,'Santa Cruz Papalutla','OAX'),
(1380,'Santa Cruz Tacache de Mina','OAX'),
(1381,'Santa Cruz Tacahua','OAX'),
(1382,'Santa Cruz Tayata','OAX'),
(1383,'Santa Cruz Xitla','OAX'),
(1384,'Santa Cruz Xoxocotlán','OAX'),
(1385,'Santa Cruz Zenzontepec','OAX'),
(1386,'Santa Gertrudis','OAX'),
(1387,'Santa Inés de Zaragoza','OAX'),
(1388,'Santa Inés del Monte','OAX'),
(1389,'Santa Inés Yatzeche','OAX'),
(1390,'Santa Lucía del Camino','OAX'),
(1391,'Santa Lucía Miahuatlán','OAX'),
(1392,'Santa Lucía Monteverde','OAX'),
(1393,'Santa Lucía Ocotlán','OAX'),
(1394,'Santa Magdalena Jicotlán','OAX'),
(1395,'Santa María Alotepec','OAX'),
(1396,'Santa María Apazco','OAX'),
(1397,'Santa María Atzompa','OAX'),
(1398,'Santa María Camotlán','OAX'),
(1399,'Santa María Chachoápam','OAX'),
(1400,'Santa María Chilchotla','OAX'),
(1401,'Santa María Chimalapa','OAX'),
(1402,'Santa María Colotepec','OAX'),
(1403,'Santa María Cortijo','OAX'),
(1404,'Santa María Coyotepec','OAX'),
(1405,'Santa María del Rosario','OAX'),
(1406,'Santa María del Tule','OAX'),
(1407,'Santa María Ecatepec','OAX'),
(1408,'Santa María Guelacé','OAX'),
(1409,'Santa María Guienagati','OAX'),
(1410,'Santa María Huatulco','OAX'),
(1411,'Santa María Huazolotitlán','OAX'),
(1412,'Santa María Ipalapa','OAX'),
(1413,'Santa María Ixcatlán','OAX'),
(1414,'Santa María Jacatepec','OAX'),
(1415,'Santa María Jalapa del Marqués','OAX'),
(1416,'Santa María Jaltianguis','OAX'),
(1417,'Santa María la Asunción','OAX'),
(1418,'Santa María Lachixío','OAX'),
(1419,'Santa María Mixtequilla','OAX'),
(1420,'Santa María Nativitas','OAX'),
(1421,'Santa María Nduayaco','OAX'),
(1422,'Santa María Ozolotepec','OAX'),
(1423,'Santa María Pápalo','OAX'),
(1424,'Santa María Peñoles','OAX'),
(1425,'Santa María Petapa','OAX'),
(1426,'Santa María Quiegolani','OAX'),
(1427,'Santa María Sola','OAX'),
(1428,'Santa María Tataltepec','OAX'),
(1429,'Santa María Tecomavaca','OAX'),
(1430,'Santa María Temaxcalapa','OAX'),
(1431,'Santa María Temaxcaltepec','OAX'),
(1432,'Santa María Teopoxco','OAX'),
(1433,'Santa María Tepantlali','OAX'),
(1434,'Santa María Texcatitlán','OAX'),
(1435,'Santa María Tlahuitoltepec','OAX'),
(1436,'Santa María Tlalixtac','OAX'),
(1437,'Santa María Tonameca','OAX'),
(1438,'Santa María Totolapilla','OAX'),
(1439,'Santa María Xadani','OAX'),
(1440,'Santa María Yalina','OAX'),
(1441,'Santa María Yavesía','OAX'),
(1442,'Santa María Yolotepec','OAX'),
(1443,'Santa María Yosoyúa','OAX'),
(1444,'Santa María Yucuhiti','OAX'),
(1445,'Santa María Zacatepec','OAX'),
(1446,'Santa María Zaniza','OAX'),
(1447,'Santa María Zoquitlán','OAX'),
(1448,'Santiago Amoltepec','OAX'),
(1449,'Santiago Apoala','OAX'),
(1450,'Santiago Apóstol','OAX'),
(1451,'Santiago Astata','OAX'),
(1452,'Santiago Atitlán','OAX'),
(1453,'Santiago Ayuquililla','OAX'),
(1454,'Santiago Cacaloxtepec','OAX'),
(1455,'Santiago Camotlán','OAX'),
(1456,'Santiago Chazumba','OAX'),
(1457,'Santiago Choapam','OAX'),
(1458,'Santiago Comaltepec','OAX'),
(1459,'Santiago del Río','OAX'),
(1460,'Santiago Huajolotitlán','OAX'),
(1461,'Santiago Huauclilla','OAX'),
(1462,'Santiago Ihuitlán Plumas','OAX'),
(1463,'Santiago Ixcuintepec','OAX'),
(1464,'Santiago Ixtayutla','OAX'),
(1465,'Santiago Jamiltepec','OAX'),
(1466,'Santiago Jocotepec','OAX'),
(1467,'Santiago Juxtlahuaca','OAX'),
(1468,'Santiago Lachiguiri','OAX'),
(1469,'Santiago Lalopa','OAX'),
(1470,'Santiago Laollaga','OAX'),
(1471,'Santiago Laxopa','OAX'),
(1472,'Santiago Llano Grande','OAX'),
(1473,'Santiago Matatlán','OAX'),
(1474,'Santiago Miltepec','OAX'),
(1475,'Santiago Minas','OAX'),
(1476,'Santiago Nacaltepec','OAX'),
(1477,'Santiago Nejapilla','OAX'),
(1478,'Santiago Niltepec','OAX'),
(1479,'Santiago Nundiche','OAX'),
(1480,'Santiago Nuyoó','OAX'),
(1481,'Santiago Pinotepa Nacional','OAX'),
(1482,'Santiago Suchilquitongo','OAX'),
(1483,'Santiago Tamazola','OAX'),
(1484,'Santiago Tapextla','OAX'),
(1485,'Santiago Tenango','OAX'),
(1486,'Santiago Tepetlapa','OAX'),
(1487,'Santiago Tetepec','OAX'),
(1488,'Santiago Texcalcingo','OAX'),
(1489,'Santiago Textitlán','OAX'),
(1490,'Santiago Tilantongo','OAX'),
(1491,'Santiago Tillo','OAX'),
(1492,'Santiago Tlazoyaltepec','OAX'),
(1493,'Santiago Xanica','OAX'),
(1494,'Santiago Xiacuí','OAX'),
(1495,'Santiago Yaitepec','OAX'),
(1496,'Santiago Yaveo','OAX'),
(1497,'Santiago Yolomécatl','OAX'),
(1498,'Santiago Yosondúa','OAX'),
(1499,'Santiago Yucuyachi','OAX'),
(1500,'Santiago Zacatepec','OAX'),
(1501,'Santiago Zoochila','OAX'),
(1502,'Santo Domingo Albarradas','OAX'),
(1503,'Santo Domingo Armenta','OAX'),
(1504,'Santo Domingo Chihuitán','OAX'),
(1505,'Santo Domingo de Morelos','OAX'),
(1506,'Santo Domingo Ingenio','OAX'),
(1507,'Santo Domingo Ixcatlán','OAX'),
(1508,'Santo Domingo Nuxaá','OAX'),
(1509,'Santo Domingo Ozolotepec','OAX'),
(1510,'Santo Domingo Petapa','OAX'),
(1511,'Santo Domingo Roayaga','OAX'),
(1512,'Santo Domingo Tehuantepec','OAX'),
(1513,'Santo Domingo Teojomulco','OAX'),
(1514,'Santo Domingo Tepuxtepec','OAX'),
(1515,'Santo Domingo Tlatayápam','OAX'),
(1516,'Santo Domingo Tomaltepec','OAX'),
(1517,'Santo Domingo Tonalá','OAX'),
(1518,'Santo Domingo Tonaltepec','OAX'),
(1519,'Santo Domingo Xagacía','OAX'),
(1520,'Santo Domingo Yanhuitlán','OAX'),
(1521,'Santo Domingo Yodohino','OAX'),
(1522,'Santo Domingo Zanatepec','OAX'),
(1523,'Santo Tomás Jalieza','OAX'),
(1524,'Santo Tomás Mazaltepec','OAX'),
(1525,'Santo Tomás Ocotepec','OAX'),
(1526,'Santo Tomás Tamazulapan','OAX'),
(1527,'Santos Reyes Nopala','OAX'),
(1528,'Santos Reyes Pápalo','OAX'),
(1529,'Santos Reyes Tepejillo','OAX'),
(1530,'Santos Reyes Yucuná','OAX'),
(1531,'Silacayoápam','OAX'),
(1532,'Sitio de Xitlapehua','OAX'),
(1533,'Soledad Etla','OAX'),
(1534,'Tamazulapam del Espíritu Santo','OAX'),
(1535,'Tanetze de Zaragoza','OAX'),
(1536,'Taniche','OAX'),
(1537,'Tataltepec de Valdés','OAX'),
(1538,'Teococuilco de Marcos Pérez','OAX'),
(1539,'Teotitlán de Flores Magón','OAX'),
(1540,'Teotitlán del Valle','OAX'),
(1541,'Teotongo','OAX'),
(1542,'Tepelmeme Villa de Morelos','OAX'),
(1543,'Tezoatlán de Segura y Luna','OAX'),
(1544,'Tlacolula de Matamoros','OAX'),
(1545,'Tlacotepec Plumas','OAX'),
(1546,'Tlalixtac de Cabrera','OAX'),
(1547,'Totontepec Villa de Morelos','OAX'),
(1548,'Trinidad Zaachila','OAX'),
(1549,'Unión Hidalgo','OAX'),
(1550,'Valerio Trujano','OAX'),
(1551,'Villa de Chilapa de Díaz','OAX'),
(1552,'Villa de Etla','OAX'),
(1553,'Villa de Tamazulápam del Progreso','OAX'),
(1554,'Villa de Tututepec de Melchor Ocam','OAX'),
(1555,'Villa de Zaachila','OAX'),
(1556,'Villa Díaz Ordaz','OAX'),
(1557,'Villa Hidalgo','OAX'),
(1558,'Villa Sola de Vega','OAX'),
(1559,'Villa Talea de Castro','OAX'),
(1560,'Villa Tejúpam de la Unión','OAX'),
(1561,'Yaxe','OAX'),
(1562,'Yogana','OAX'),
(1563,'Yutanduchi de Guerrero','OAX'),
(1564,'Zapotitlán del Río','OAX'),
(1565,'Zapotitlán Lagunas','OAX'),
(1566,'Zapotitlán Palmas','OAX'),
(1567,'Zimatlán de Alvarez','OAX'),
(1568,'Acajete','PUE'),
(1569,'Acateno','PUE'),
(1570,'Acatlán','PUE'),
(1571,'Acatzingo','PUE'),
(1572,'Acteopan','PUE'),
(1573,'Ahuacatlán','PUE'),
(1574,'Ahuatlán','PUE'),
(1575,'Ahuazotepec','PUE'),
(1576,'Ahuehuetitla','PUE'),
(1577,'Ajalpan','PUE'),
(1578,'Albino Zertuche','PUE'),
(1579,'Aljojuca','PUE'),
(1580,'Altepexi','PUE'),
(1581,'Amixtlán','PUE'),
(1582,'Amozoc','PUE'),
(1583,'Aquixtla','PUE'),
(1584,'Atempan','PUE'),
(1585,'Atexcal','PUE'),
(1586,'Atlequizayan','PUE'),
(1587,'Atlixco','PUE'),
(1588,'Atoyatempan','PUE'),
(1589,'Atzala','PUE'),
(1590,'Atzitzihuacán','PUE'),
(1591,'Atzitzintla','PUE'),
(1592,'Axutla','PUE'),
(1593,'Ayotoxco de Guerrero','PUE'),
(1594,'Calpan','PUE'),
(1595,'Caltepec','PUE'),
(1596,'Camocuautla','PUE'),
(1597,'Cañada Morelos','PUE'),
(1598,'Caxhuacan','PUE'),
(1599,'Chalchicomula de Sesma','PUE'),
(1600,'Chapulco','PUE'),
(1601,'Chiautla','PUE'),
(1602,'Chiautzingo','PUE'),
(1603,'Chichiquila','PUE'),
(1604,'Chiconcuautla','PUE'),
(1605,'Chietla','PUE'),
(1606,'Chigmecatitlán','PUE'),
(1607,'Chignahuapan','PUE'),
(1608,'Chignautla','PUE'),
(1609,'Chila','PUE'),
(1610,'Chila de la Sal','PUE'),
(1611,'Chilchotla','PUE'),
(1612,'Chinantla','PUE'),
(1613,'Coatepec','PUE'),
(1614,'Coatzingo','PUE'),
(1615,'Cohetzala','PUE'),
(1616,'Cohuecán','PUE'),
(1617,'Coronango','PUE'),
(1618,'Coxcatlán','PUE'),
(1619,'Coyomeapan','PUE'),
(1620,'Coyotepec','PUE'),
(1621,'Cuapiaxtla de Madero','PUE'),
(1622,'Cuautempan','PUE'),
(1623,'Cuautinchán','PUE'),
(1624,'Cuautlancingo','PUE'),
(1625,'Cuayuca de Andrade','PUE'),
(1626,'Cuetzalan del Progreso','PUE'),
(1627,'Cuyoaco','PUE'),
(1628,'Domingo Arenas','PUE'),
(1629,'Eloxochitlán','PUE'),
(1630,'Epatlán','PUE'),
(1631,'Esperanza','PUE'),
(1632,'Francisco Z. Mena','PUE'),
(1633,'General Felipe ?ngeles','PUE'),
(1634,'Guadalupe','PUE'),
(1635,'Guadalupe Victoria','PUE'),
(1636,'Hermenegildo Galeana','PUE'),
(1637,'Honey','PUE'),
(1638,'Huaquechula','PUE'),
(1639,'Huatlatlauca','PUE'),
(1640,'Huauchinango','PUE'),
(1641,'Huehuetla','PUE'),
(1642,'Huehuetlán el Chico','PUE'),
(1643,'Huehuetlán el Grande','PUE'),
(1644,'Huejotzingo','PUE'),
(1645,'Hueyapan','PUE'),
(1646,'Hueytamalco','PUE'),
(1647,'Hueytlalpan','PUE'),
(1648,'Huitzilan de Serdán','PUE'),
(1649,'Huitziltepec','PUE'),
(1650,'Ixcamilpa de Guerrero','PUE'),
(1651,'Ixcaquixtla','PUE'),
(1652,'Ixtacamaxtitlán','PUE'),
(1653,'Ixtepec','PUE'),
(1654,'Izúcar de Matamoros','PUE'),
(1655,'Jalpan','PUE'),
(1656,'Jolalpan','PUE'),
(1657,'Jonotla','PUE'),
(1658,'Jopala','PUE'),
(1659,'Juan C. Bonilla','PUE'),
(1660,'Juan Galindo','PUE'),
(1661,'Juan N. Méndez','PUE'),
(1662,'La Magdalena Tlatlauquitepec','PUE'),
(1663,'Lafragua','PUE'),
(1664,'Libres','PUE'),
(1665,'Los Reyes de Juárez','PUE'),
(1666,'Mazapiltepec de Juárez','PUE'),
(1667,'Mixtla','PUE'),
(1668,'Molcaxac','PUE'),
(1669,'Naupan','PUE'),
(1670,'Nauzontla','PUE'),
(1671,'Nealtican','PUE'),
(1672,'Nicolás Bravo','PUE'),
(1673,'Nopalucan','PUE'),
(1674,'Ocotepec','PUE'),
(1675,'Ocoyucan','PUE'),
(1676,'Olintla','PUE'),
(1677,'Oriental','PUE'),
(1678,'Pahuatlán','PUE'),
(1679,'Palmar de Bravo','PUE'),
(1680,'Pantepec','PUE'),
(1681,'Petlalcingo','PUE'),
(1682,'Piaxtla','PUE'),
(1683,'Puebla','PUE'),
(1684,'Quecholac','PUE'),
(1685,'Quimixtlán','PUE'),
(1686,'Rafael Lara Grajales','PUE'),
(1687,'San Andrés Cholula','PUE'),
(1688,'San Antonio Cañada','PUE'),
(1689,'San Diego la Mesa Tochimiltzingo','PUE'),
(1690,'San Felipe Teotlalcingo','PUE'),
(1691,'San Felipe Tepatlán','PUE'),
(1692,'San Gabriel Chilac','PUE'),
(1693,'San Gregorio Atzompa','PUE'),
(1694,'San Jerónimo Tecuanipan','PUE'),
(1695,'San Jerónimo Xayacatlán','PUE'),
(1696,'San José Chiapa','PUE'),
(1697,'San José Miahuatlán','PUE'),
(1698,'San Juan Atenco','PUE'),
(1699,'San Juan Atzompa','PUE'),
(1700,'San Martín Texmelucan','PUE'),
(1701,'San Martín Totoltepec','PUE'),
(1702,'San Matías Tlalancaleca','PUE'),
(1703,'San Miguel Ixitlán','PUE'),
(1704,'San Miguel Xoxtla','PUE'),
(1705,'San Nicolás Buenos Aires','PUE'),
(1706,'San Nicolás de los Ranchos','PUE'),
(1707,'San Pablo Anicano','PUE'),
(1708,'San Pedro Cholula','PUE'),
(1709,'San Pedro Yeloixtlahuaca','PUE'),
(1710,'San Salvador el Seco','PUE'),
(1711,'San Salvador el Verde','PUE'),
(1712,'San Salvador Huixcolotla','PUE'),
(1713,'San Sebastián Tlacotepec','PUE'),
(1714,'Santa Catarina Tlaltempan','PUE'),
(1715,'Santa Inés Ahuatempan','PUE'),
(1716,'Santa Isabel Cholula','PUE'),
(1717,'Santiago Miahuatlán','PUE'),
(1718,'Santo Tomás Hueyotlipan','PUE'),
(1719,'Soltepec','PUE'),
(1720,'Tecali de Herrera','PUE'),
(1721,'Tecamachalco','PUE'),
(1722,'Tecomatlán','PUE'),
(1723,'Tehuacán','PUE'),
(1724,'Tehuitzingo','PUE'),
(1725,'Tenampulco','PUE'),
(1726,'Teopantlán','PUE'),
(1727,'Teotlalco','PUE'),
(1728,'Tepanco de López','PUE'),
(1729,'Tepango de Rodríguez','PUE'),
(1730,'Tepatlaxco de Hidalgo','PUE'),
(1731,'Tepeaca','PUE'),
(1732,'Tepemaxalco','PUE'),
(1733,'Tepeojuma','PUE'),
(1734,'Tepetzintla','PUE'),
(1735,'Tepexco','PUE'),
(1736,'Tepexi de Rodríguez','PUE'),
(1737,'Tepeyahualco','PUE'),
(1738,'Tepeyahualco de Cuauhtémoc','PUE'),
(1739,'Tetela de Ocampo','PUE'),
(1740,'Teteles de Avila Castillo','PUE'),
(1741,'Teziutlán','PUE'),
(1742,'Tianguismanalco','PUE'),
(1743,'Tilapa','PUE'),
(1744,'Tlachichuca','PUE'),
(1745,'Tlacotepec de Benito Juárez','PUE'),
(1746,'Tlacuilotepec','PUE'),
(1747,'Tlahuapan','PUE'),
(1748,'Tlaltenango','PUE'),
(1749,'Tlanepantla','PUE'),
(1750,'Tlaola','PUE'),
(1751,'Tlapacoya','PUE'),
(1752,'Tlapanalá','PUE'),
(1753,'Tlatlauquitepec','PUE'),
(1754,'Tlaxco','PUE'),
(1755,'Tochimilco','PUE'),
(1756,'Tochtepec','PUE'),
(1757,'Totoltepec de Guerrero','PUE'),
(1758,'Tulcingo','PUE'),
(1759,'Tuzamapan de Galeana','PUE'),
(1760,'Tzicatlacoyan','PUE'),
(1761,'Venustiano Carranza','PUE'),
(1762,'Vicente Guerrero','PUE'),
(1763,'Xayacatlán de Bravo','PUE'),
(1764,'Xicotepec','PUE'),
(1765,'Xicotlán','PUE'),
(1766,'Xiutetelco','PUE'),
(1767,'Xochiapulco','PUE'),
(1768,'Xochiltepec','PUE'),
(1769,'Xochitlán de Vicente Suárez','PUE'),
(1770,'Xochitlán Todos Santos','PUE'),
(1771,'Yaonáhuac','PUE'),
(1772,'Yehualtepec','PUE'),
(1773,'Zacapala','PUE'),
(1774,'Zacapoaxtla','PUE'),
(1775,'Zacatlán','PUE'),
(1776,'Zapotitlán','PUE'),
(1777,'Zapotitlán de Méndez','PUE'),
(1778,'Zaragoza','PUE'),
(1779,'Zautla','PUE'),
(1780,'Zihuateutla','PUE'),
(1781,'Zinacatepec','PUE'),
(1782,'Zongozotla','PUE'),
(1783,'Zoquiapan','PUE'),
(1784,'Zoquitlán','PUE'),
(1785,'Amealco de Bonfil','QUE'),
(1786,'Arroyo Seco','QUE'),
(1787,'Cadereyta de Montes','QUE'),
(1788,'Colón','QUE'),
(1789,'Corregidora','QUE'),
(1790,'El Marqués','QUE'),
(1791,'Ezequiel Montes','QUE'),
(1792,'Huimilpan','QUE'),
(1793,'Jalpan de Serra','QUE'),
(1794,'Landa de Matamoros','QUE'),
(1795,'Pedro Escobedo','QUE'),
(1796,'Peñamiller','QUE'),
(1797,'Pinal de Amoles','QUE'),
(1798,'Querétaro','QUE'),
(1799,'San Joaquín','QUE'),
(1800,'San Juan del Río','QUE'),
(1801,'Tequisquiapan','QUE'),
(1802,'Tolimán','QUE'),
(1803,'Benito Juárez','ROO'),
(1804,'Cozumel','ROO'),
(1805,'Felipe Carrillo Puerto','ROO'),
(1806,'Isla Mujeres','ROO'),
(1807,'José María Morelos','ROO'),
(1808,'Lázaro Cárdenas','ROO'),
(1809,'Othón P. Blanco','ROO'),
(1810,'Solidaridad','ROO'),
(1811,'Ahualulco','SLP'),
(1812,'Alaquines','SLP'),
(1813,'Aquismón','SLP'),
(1814,'Armadillo de los Infante','SLP'),
(1815,'Axtla de Terrazas','SLP'),
(1816,'Cárdenas','SLP'),
(1817,'Catorce','SLP'),
(1818,'Cedral','SLP'),
(1819,'Cerritos','SLP'),
(1820,'Cerro de San Pedro','SLP'),
(1821,'Charcas','SLP'),
(1822,'Ciudad del Maíz','SLP'),
(1823,'Ciudad Fernández','SLP'),
(1824,'Ciudad Valles','SLP'),
(1825,'Coxcatlán','SLP'),
(1826,'Ebano','SLP'),
(1827,'El Naranjo','SLP'),
(1828,'Guadalcázar','SLP'),
(1829,'Huehuetlán','SLP'),
(1830,'Lagunillas','SLP'),
(1831,'Matehuala','SLP'),
(1832,'Matlapa','SLP'),
(1833,'Mexquitic de Carmona','SLP'),
(1834,'Moctezuma','SLP'),
(1835,'Rayón','SLP'),
(1836,'Rioverde','SLP'),
(1837,'Salinas','SLP'),
(1838,'San Antonio','SLP'),
(1839,'San Ciro de Acosta','SLP'),
(1840,'San Luis Potosí','SLP'),
(1841,'San Martín Chalchicuautla','SLP'),
(1842,'San Nicolás Tolentino','SLP'),
(1843,'San Vicente Tancuayalab','SLP'),
(1844,'Santa Catarina','SLP'),
(1845,'Santa María del Río','SLP'),
(1846,'Santo Domingo','SLP'),
(1847,'Soledad de Graciano Sánchez','SLP'),
(1848,'Tamasopo','SLP'),
(1849,'Tamazunchale','SLP'),
(1850,'Tampacán','SLP'),
(1851,'Tampamolón Corona','SLP'),
(1852,'Tamuín','SLP'),
(1853,'Tancanhuitz','SLP'),
(1854,'Tanlajás','SLP'),
(1855,'Tanquián de Escobedo','SLP'),
(1856,'Tierra Nueva','SLP'),
(1857,'Vanegas','SLP'),
(1858,'Venado','SLP'),
(1859,'Villa de Arista','SLP'),
(1860,'Villa de Arriaga','SLP'),
(1861,'Villa de Guadalupe','SLP'),
(1862,'Villa de la Paz','SLP'),
(1863,'Villa de Ramos','SLP'),
(1864,'Villa de Reyes','SLP'),
(1865,'Villa Hidalgo','SLP'),
(1866,'Villa Juárez','SLP'),
(1867,'Xilitla','SLP'),
(1868,'Zaragoza','SLP'),
(1869,'Culiacán','SIN'),
(1870,'Mazatlán','SIN'),
(1871,'Ahome','SIN'),
(1872,'Guasave','SIN'),
(1873,'Navolato','SIN'),
(1874,'El Fuerte','SIN'),
(1875,'Sinaloa','SIN'),
(1876,'Salvador Alvarado','SIN'),
(1877,'Escuinapa','SIN'),
(1878,'Rosario','SIN'),
(1879,'Elota','SIN'),
(1880,'Mocorito','SIN'),
(1881,'Angostura','SIN'),
(1882,'Badiraguato','SIN'),
(1883,'Choix','SIN'),
(1884,'Concordia','SIN'),
(1885,'San Ignacio','SIN'),
(1886,'Cosalá','SIN'),
(1887,'Aconchi','SON'),
(1888,'Agua Prieta','SON'),
(1889,'Alamos','SON'),
(1890,'Altar','SON'),
(1891,'Arivechi','SON'),
(1892,'Arizpe','SON'),
(1893,'Atil','SON'),
(1894,'Bacadéhuachi','SON'),
(1895,'Bacanora','SON'),
(1896,'Bacerac','SON'),
(1897,'Bacoachi','SON'),
(1898,'Bácum','SON'),
(1899,'Banámichi','SON'),
(1900,'Baviácora','SON'),
(1901,'Bavispe','SON'),
(1902,'Benito Juárez','SON'),
(1903,'Benjamín Hill','SON'),
(1904,'Caborca','SON'),
(1905,'Cajeme','SON'),
(1906,'Cananea','SON'),
(1907,'Carbó','SON'),
(1908,'Cucurpe','SON'),
(1909,'Cumpas','SON'),
(1910,'Divisaderos','SON'),
(1911,'Empalme','SON'),
(1912,'Etchojoa','SON'),
(1913,'Fronteras','SON'),
(1914,'General Plutarco Elías Calles','SON'),
(1915,'Granados','SON'),
(1916,'Guaymas','SON'),
(1917,'Hermosillo','SON'),
(1918,'Heroica Nogales','SON'),
(1919,'Huachinera','SON'),
(1920,'Huásabas','SON'),
(1921,'Huatabampo','SON'),
(1922,'Huépac','SON'),
(1923,'Imuris','SON'),
(1924,'La Colorada','SON'),
(1925,'Magdalena','SON'),
(1926,'Mazatán','SON'),
(1927,'Moctezuma','SON'),
(1928,'Naco','SON'),
(1929,'Nácori Chico','SON'),
(1930,'Nacozari de García','SON'),
(1931,'Navojoa','SON'),
(1932,'Onavas','SON'),
(1933,'Opodepe','SON'),
(1934,'Oquitoa','SON'),
(1935,'Pitiquito','SON'),
(1936,'Puerto Peñasco','SON'),
(1937,'Quiriego','SON'),
(1938,'Rayón','SON'),
(1939,'Rosario','SON'),
(1940,'Sahuaripa','SON'),
(1941,'San Felipe de Jesús','SON'),
(1942,'San Ignacio Río Muerto','SON'),
(1943,'San Javier','SON'),
(1944,'San Luis Río Colorado','SON'),
(1945,'San Miguel de Horcasitas','SON'),
(1946,'San Pedro de la Cueva','SON'),
(1947,'Santa Ana','SON'),
(1948,'Santa Cruz','SON'),
(1949,'Sáric','SON'),
(1950,'Soyopa','SON'),
(1951,'Suaqui Grande','SON'),
(1952,'Tepache','SON'),
(1953,'Trincheras','SON'),
(1954,'Tubutama','SON'),
(1955,'Ures','SON'),
(1956,'Villa Hidalgo','SON'),
(1957,'Villa Pesqueira','SON'),
(1958,'Yécora','SON'),
(1959,'Balancán','TAB'),
(1960,'Cárdenas','TAB'),
(1961,'Centla','TAB'),
(1962,'Centro','TAB'),
(1963,'Comalcalco','TAB'),
(1964,'Cunduacán','TAB'),
(1965,'Emiliano Zapata','TAB'),
(1966,'Huimanguillo','TAB'),
(1967,'Jalapa','TAB'),
(1968,'Jalpa de Méndez','TAB'),
(1969,'Jonuta','TAB'),
(1970,'Macuspana','TAB'),
(1971,'Nacajuca','TAB'),
(1972,'Paraíso','TAB'),
(1973,'Tacotalpa','TAB'),
(1974,'Teapa','TAB'),
(1975,'Tenosique','TAB'),
(1976,'Abasolo','TAM'),
(1977,'Aldama','TAM'),
(1978,'Altamira','TAM'),
(1979,'Antiguo Morelos','TAM'),
(1980,'Burgos','TAM'),
(1981,'Bustamante','TAM'),
(1982,'Camargo','TAM'),
(1983,'Casas','TAM'),
(1984,'Ciudad Madero','TAM'),
(1985,'Cruillas','TAM'),
(1986,'El Mante','TAM'),
(1987,'G?émez','TAM'),
(1988,'Gómez Farías','TAM'),
(1989,'González','TAM'),
(1990,'Guerrero','TAM'),
(1991,'Gustavo Díaz Ordaz','TAM'),
(1992,'Hidalgo','TAM'),
(1993,'Jaumave','TAM'),
(1994,'Jiménez','TAM'),
(1995,'Llera','TAM'),
(1996,'Mainero','TAM'),
(1997,'Matamoros','TAM'),
(1998,'Méndez','TAM'),
(1999,'Mier','TAM'),
(2000,'Miguel Alemán','TAM'),
(2001,'Miquihuana','TAM'),
(2002,'Nuevo Laredo','TAM'),
(2003,'Nuevo Morelos','TAM'),
(2004,'Ocampo','TAM'),
(2005,'Padilla','TAM'),
(2006,'Palmillas','TAM'),
(2007,'Reynosa','TAM'),
(2008,'Río Bravo','TAM'),
(2009,'San Carlos','TAM'),
(2010,'San Fernando','TAM'),
(2011,'San Nicolás','TAM'),
(2012,'Soto la Marina','TAM'),
(2013,'Tampico','TAM'),
(2014,'Tula','TAM'),
(2015,'Valle Hermoso','TAM'),
(2016,'Victoria','TAM'),
(2017,'Villagrán','TAM'),
(2018,'Xicoténcatl','TAM'),
(2019,'Acuamanala de Miguel Hidalgo','TLA'),
(2020,'Altzayanca','TLA'),
(2021,'Amaxac de Guerrero','TLA'),
(2022,'Apetatitlán de Antonio Carvajal','TLA'),
(2023,'Apizaco','TLA'),
(2024,'Atlangatepec','TLA'),
(2025,'Benito Juárez','TLA'),
(2026,'Calpulalpan','TLA'),
(2027,'Chiautempan','TLA'),
(2028,'Contla de Juan Cuamatzi','TLA'),
(2029,'Cuapiaxtla','TLA'),
(2030,'Cuaxomulco','TLA'),
(2031,'El Carmen Tequexquitla','TLA'),
(2032,'Emiliano Zapata','TLA'),
(2033,'Españita','TLA'),
(2034,'Huamantla','TLA'),
(2035,'Hueyotlipan','TLA'),
(2036,'Ixtacuixtla de Mariano Matamoros','TLA'),
(2037,'Ixtenco','TLA'),
(2038,'La Magdalena Tlaltelulco','TLA'),
(2039,'Lázaro Cárdenas','TLA'),
(2040,'Mazatecochco de José María Morelos','TLA'),
(2041,'Muñoz de Domingo Arenas','TLA'),
(2042,'Nanacamilpa de Mariano Arista','TLA'),
(2043,'Natívitas','TLA'),
(2044,'Panotla','TLA'),
(2045,'Papalotla de Xicohténcatl','TLA'),
(2046,'San Damián Texoloc','TLA'),
(2047,'San Francisco Tetlanohcan','TLA'),
(2048,'San Jerónimo Zacualpan','TLA'),
(2049,'San José Teacalco','TLA'),
(2050,'San Juan Huactzinco','TLA'),
(2051,'San Lorenzo Axocomanitla','TLA'),
(2052,'San Lucas Tecopilco','TLA'),
(2053,'San Pablo del Monte','TLA'),
(2054,'Sanctórum de Lázaro Cárdenas','TLA'),
(2055,'Santa Ana Nopalucan','TLA'),
(2056,'Santa Apolonia Teacalco','TLA'),
(2057,'Santa Catarina Ayometla','TLA'),
(2058,'Santa Cruz Quilehtla','TLA'),
(2059,'Santa Cruz Tlaxcala','TLA'),
(2060,'Santa Isabel Xiloxoxtla','TLA'),
(2061,'Tenancingo','TLA'),
(2062,'Teolocholco','TLA'),
(2063,'Tepetitla de Lardizábal','TLA'),
(2064,'Tepeyanco','TLA'),
(2065,'Terrenate','TLA'),
(2066,'Tetla de la Solidaridad','TLA'),
(2067,'Tetlatlahuca','TLA'),
(2068,'Tlaxcala','TLA'),
(2069,'Tlaxco','TLA'),
(2070,'Tocatlán','TLA'),
(2071,'Totolac','TLA'),
(2072,'Tzompantepec','TLA'),
(2073,'Xaloztoc','TLA'),
(2074,'Xaltocan','TLA'),
(2075,'Xicohtzinco','TLA'),
(2076,'Yauhquemecan','TLA'),
(2077,'Zacatelco','TLA'),
(2078,'Zitlaltepec de Trinidad Sánchez Sa','TLA'),
(2079,'Acajete','VER'),
(2080,'Acatlán','VER'),
(2081,'Acayucan','VER'),
(2082,'Actopan','VER'),
(2083,'Acula','VER'),
(2084,'Acultzingo','VER'),
(2085,'Agua Dulce','VER'),
(2086,'Alpatláhuac','VER'),
(2087,'Alto Lucero de Gutiérrez Barrios','VER'),
(2088,'Altotonga','VER'),
(2089,'Alvarado','VER'),
(2090,'Amatitlán','VER'),
(2091,'Amatlán de los Reyes','VER'),
(2092,'Angel R. Cabada','VER'),
(2093,'Apazapan','VER'),
(2094,'Aquila','VER'),
(2095,'Astacinga','VER'),
(2096,'Atlahuilco','VER'),
(2097,'Atoyac','VER'),
(2098,'Atzacan','VER'),
(2099,'Atzalan','VER'),
(2100,'Ayahualulco','VER'),
(2101,'Banderilla','VER'),
(2102,'Benito Juárez','VER'),
(2103,'Boca del Río','VER'),
(2104,'Calcahualco','VER'),
(2105,'Camarón de Tejeda','VER'),
(2106,'Camerino Z. Mendoza','VER'),
(2107,'Carlos A. Carrillo','VER'),
(2108,'Carrillo Puerto','VER'),
(2109,'Castillo de Teayo','VER'),
(2110,'Catemaco','VER'),
(2111,'Cazones','VER'),
(2112,'Cerro Azul','VER'),
(2113,'Chacaltianguis','VER'),
(2114,'Chalma','VER'),
(2115,'Chiconamel','VER'),
(2116,'Chiconquiaco','VER'),
(2117,'Chicontepec','VER'),
(2118,'Chinameca','VER'),
(2119,'Chinampa de Gorostiza','VER'),
(2120,'Chocamán','VER'),
(2121,'Chontla','VER'),
(2122,'Chumatlán','VER'),
(2123,'Citlaltépetl','VER'),
(2124,'Coacoatzintla','VER'),
(2125,'Coahuitlán','VER'),
(2126,'Coatepec','VER'),
(2127,'Coatzacoalcos','VER'),
(2128,'Coatzintla','VER'),
(2129,'Coetzala','VER'),
(2130,'Colipa','VER'),
(2131,'Comapa','VER'),
(2132,'Córdoba','VER'),
(2133,'Cosamaloapan de Carpio','VER'),
(2134,'Cosautlán de Carvajal','VER'),
(2135,'Coscomatepec','VER'),
(2136,'Cosoleacaque','VER'),
(2137,'Cotaxtla','VER'),
(2138,'Coxquihui','VER'),
(2139,'Coyutla','VER'),
(2140,'Cuichapa','VER'),
(2141,'Cuitláhuac','VER'),
(2142,'El Higo','VER'),
(2143,'Emiliano Zapata','VER'),
(2144,'Espinal','VER'),
(2145,'Filomeno Mata','VER'),
(2146,'Fortín','VER'),
(2147,'Gutiérrez Zamora','VER'),
(2148,'Hidalgotitlán','VER'),
(2149,'Huatusco','VER'),
(2150,'Huayacocotla','VER'),
(2151,'Hueyapan de Ocampo','VER'),
(2152,'Huiloapan','VER'),
(2153,'Ignacio de la Llave','VER'),
(2154,'Ilamatlán','VER'),
(2155,'Isla','VER'),
(2156,'Ixcatepec','VER'),
(2157,'Ixhuacán de los Reyes','VER'),
(2158,'Ixhuatlán de Madero','VER'),
(2159,'Ixhuatlán del Café','VER'),
(2160,'Ixhuatlán del Sureste','VER'),
(2161,'Ixhuatlancillo','VER'),
(2162,'Ixmatlahuacan','VER'),
(2163,'Ixtaczoquitlán','VER'),
(2164,'Jalacingo','VER'),
(2165,'Jalcomulco','VER'),
(2166,'Jáltipan','VER'),
(2167,'Jamapa','VER'),
(2168,'Jesús Carranza','VER'),
(2169,'Jilotepec','VER'),
(2170,'José Azueta','VER'),
(2171,'Juan Rodríguez Clara','VER'),
(2172,'Juchique de Ferrer','VER'),
(2173,'La Antigua','VER'),
(2174,'La Perla','VER'),
(2175,'Landero y Coss','VER'),
(2176,'Las Choapas','VER'),
(2177,'Las Minas','VER'),
(2178,'Las Vigas de Ramírez','VER'),
(2179,'Lerdo de Tejada','VER'),
(2180,'Los Reyes','VER'),
(2181,'Magdalena','VER'),
(2182,'Maltrata','VER'),
(2183,'Manlio Fabio Altamirano','VER'),
(2184,'Mariano Escobedo','VER'),
(2185,'Martínez de la Torre','VER'),
(2186,'Mecatlán','VER'),
(2187,'Mecayapan','VER'),
(2188,'Medellín','VER'),
(2189,'Miahuatlán','VER'),
(2190,'Minatitlán','VER'),
(2191,'Misantla','VER'),
(2192,'Mixtla de Altamirano','VER'),
(2193,'Moloacán','VER'),
(2194,'Nanchital de Lázaro Cárdenas del R','VER'),
(2195,'Naolinco','VER'),
(2196,'Naranjal','VER'),
(2197,'Naranjos Amatlán','VER'),
(2198,'Nautla','VER'),
(2199,'Nogales','VER'),
(2200,'Oluta','VER'),
(2201,'Omealca','VER'),
(2202,'Orizaba','VER'),
(2203,'Otatitlán','VER'),
(2204,'Oteapan','VER'),
(2205,'Ozuluama de Mascareñas','VER'),
(2206,'Pajapan','VER'),
(2207,'Pánuco','VER'),
(2208,'Papantla','VER'),
(2209,'Paso de Ovejas','VER'),
(2210,'Paso del Macho','VER'),
(2211,'Perote','VER'),
(2212,'Platón Sánchez','VER'),
(2213,'Playa Vicente','VER'),
(2214,'Poza Rica de Hidalgo','VER'),
(2215,'Pueblo Viejo','VER'),
(2216,'Puente Nacional','VER'),
(2217,'Rafael Delgado','VER'),
(2218,'Rafael Lucio','VER'),
(2219,'Río Blanco','VER'),
(2220,'Saltabarranca','VER'),
(2221,'San Andrés Tenejapan','VER'),
(2222,'San Andrés Tuxtla','VER'),
(2223,'San Juan Evangelista','VER'),
(2224,'San Rafael','VER'),
(2225,'Santiago Sochiapan','VER'),
(2226,'Santiago Tuxtla','VER'),
(2227,'Sayula de Alemán','VER'),
(2228,'Sochiapa','VER'),
(2229,'Soconusco','VER'),
(2230,'Soledad Atzompa','VER'),
(2231,'Soledad de Doblado','VER'),
(2232,'Soteapan','VER'),
(2233,'Tamalín','VER'),
(2234,'Tamiahua','VER'),
(2235,'Tampico Alto','VER'),
(2236,'Tancoco','VER'),
(2237,'Tantima','VER'),
(2238,'Tantoyuca','VER'),
(2239,'Tatahuicapan de Juárez','VER'),
(2240,'Tatatila','VER'),
(2241,'Tecolutla','VER'),
(2242,'Tehuipango','VER'),
(2243,'Temapache','VER'),
(2244,'Tempoal','VER'),
(2245,'Tenampa','VER'),
(2246,'Tenochtitlán','VER'),
(2247,'Teocelo','VER'),
(2248,'Tepatlaxco','VER'),
(2249,'Tepetlán','VER'),
(2250,'Tepetzintla','VER'),
(2251,'Tequila','VER'),
(2252,'Texcatepec','VER'),
(2253,'Texhuacán','VER'),
(2254,'Texistepec','VER'),
(2255,'Tezonapa','VER'),
(2256,'Tierra Blanca','VER'),
(2257,'Tihuatlán','VER'),
(2258,'Tlachichilco','VER'),
(2259,'Tlacojalpan','VER'),
(2260,'Tlacolulan','VER'),
(2261,'Tlacotalpan','VER'),
(2262,'Tlacotepec de Mejía','VER'),
(2263,'Tlalixcoyan','VER'),
(2264,'Tlalnelhuayocan','VER'),
(2265,'Tlaltetela','VER'),
(2266,'Tlapacoyan','VER'),
(2267,'Tlaquilpa','VER'),
(2268,'Tlilapan','VER'),
(2269,'Tomatlán','VER'),
(2270,'Tonayán','VER'),
(2271,'Totutla','VER'),
(2272,'Tres Valles','VER'),
(2273,'Túxpam','VER'),
(2274,'Tuxtilla','VER'),
(2275,'Ursulo Galván','VER'),
(2276,'Uxpanapa','VER'),
(2277,'Vega de Alatorre','VER'),
(2278,'Veracruz','VER'),
(2279,'Villa Aldama','VER'),
(2280,'Xalapa','VER'),
(2281,'Xico','VER'),
(2282,'Xoxocotla','VER'),
(2283,'Yanga','VER'),
(2284,'Yecuatla','VER'),
(2285,'Zacualpan','VER'),
(2286,'Zaragoza','VER'),
(2287,'Zentla','VER'),
(2288,'Zongolica','VER'),
(2289,'Zontecomatlán de López y Fuentes','VER'),
(2290,'Zozocolco de Hidalgo','VER'),
(2291,'Mérida','YUC'),
(2292,'Kanasín','YUC'),
(2293,'Valladolid','YUC'),
(2294,'Tizimín','YUC'),
(2295,'Progreso','YUC'),
(2296,'Umán','YUC'),
(2297,'Tekax','YUC'),
(2298,'Ticul','YUC'),
(2299,'Motul','YUC'),
(2300,'Chemax','YUC'),
(2301,'Hunucmá','YUC'),
(2302,'Oxkutzcab','YUC'),
(2303,'Izamal','YUC'),
(2304,'Peto','YUC'),
(2305,'Maxcanú','YUC'),
(2306,'Halachó','YUC'),
(2307,'Tixkokob','YUC'),
(2308,'Tecoh','YUC'),
(2309,'Espita','YUC'),
(2310,'Acanceh','YUC'),
(2311,'Yaxcabá','YUC'),
(2312,'Temozón','YUC'),
(2313,'Tzucacab','YUC'),
(2314,'Muna','YUC'),
(2315,'Tinum','YUC'),
(2316,'Akil','YUC'),
(2317,'Tekit','YUC'),
(2318,'Seyé','YUC'),
(2319,'Conkal','YUC'),
(2320,'Buctzotz','YUC'),
(2321,'Sotuta','YUC'),
(2322,'Dzidzantún','YUC'),
(2323,'Chichimilá','YUC'),
(2324,'Panabá','YUC'),
(2325,'Homún','YUC'),
(2326,'Timucuy','YUC'),
(2327,'Celestún','YUC'),
(2328,'Temax','YUC'),
(2329,'Cacalchén','YUC'),
(2330,'Tixcacalcupul','YUC'),
(2331,'Kinchil','YUC'),
(2332,'Abalá','YUC'),
(2333,'Opichén','YUC'),
(2334,'Teabo','YUC'),
(2335,'Hocabá','YUC'),
(2336,'Dzilam González','YUC'),
(2337,'Baca','YUC'),
(2338,'Hoctún','YUC'),
(2339,'Kantunil','YUC'),
(2340,'Tixpéhual','YUC'),
(2341,'Maní','YUC'),
(2342,'Samahil','YUC'),
(2343,'Cuzamá','YUC'),
(2344,'Dzán','YUC'),
(2345,'Huhí','YUC'),
(2346,'Tixmehuac','YUC'),
(2347,'Tetiz','YUC'),
(2348,'Cansahcab','YUC'),
(2349,'Sacalum','YUC'),
(2350,'Chocholá','YUC'),
(2351,'Chankom','YUC'),
(2352,'Tahdziú','YUC'),
(2353,'Chikindzonot','YUC'),
(2354,'Chicxulub Pueblo','YUC'),
(2355,'Calotmul','YUC'),
(2356,'Sucilá','YUC'),
(2357,'Santa Elena','YUC'),
(2358,'Ixil','YUC'),
(2359,'Uayma','YUC'),
(2360,'Cenotillo','YUC'),
(2361,'Tekantó','YUC'),
(2362,'Tahmek','YUC'),
(2363,'Telchac Pueblo','YUC'),
(2364,'Dzitás','YUC'),
(2365,'Dzemul','YUC'),
(2366,'Ucú','YUC'),
(2367,'Tunkás','YUC'),
(2368,'Río Lagartos','YUC'),
(2369,'Mayapán','YUC'),
(2370,'Xocchel','YUC'),
(2371,'Chumayel','YUC'),
(2372,'Sinanché','YUC'),
(2373,'Tekom','YUC'),
(2374,'Mocochá','YUC'),
(2375,'Chapab','YUC'),
(2376,'Mama','YUC'),
(2377,'Yaxkukul','YUC'),
(2378,'Chacsinkín','YUC'),
(2379,'Dzoncauich','YUC'),
(2380,'Kaua','YUC'),
(2381,'Muxupip','YUC'),
(2382,'Tekal de Venegas','YUC'),
(2383,'Dzilam de Bravo','YUC'),
(2384,'Kopomá','YUC'),
(2385,'Cantamayec','YUC'),
(2386,'Tepakán','YUC'),
(2387,'Yobaín','YUC'),
(2388,'Bokobá','YUC'),
(2389,'Teya','YUC'),
(2390,'Suma','YUC'),
(2391,'San Felipe','YUC'),
(2392,'Telchac Puerto','YUC'),
(2393,'Sudzal','YUC'),
(2394,'Sanahcat','YUC'),
(2395,'Cuncunul','YUC'),
(2396,'Quintana Roo','YUC'),
(2397,'Apozol','ZAC'),
(2398,'Apulco','ZAC'),
(2399,'Atolinga','ZAC'),
(2400,'Benito Juárez','ZAC'),
(2401,'Calera','ZAC'),
(2402,'Cañitas de Felipe Pescador','ZAC'),
(2403,'Chalchihuites','ZAC'),
(2404,'Concepción del Oro','ZAC'),
(2405,'Cuauhtémoc','ZAC'),
(2406,'El Plateado de Joaquín Amaro','ZAC'),
(2407,'El Salvador','ZAC'),
(2408,'Fresnillo','ZAC'),
(2409,'Genaro Codina','ZAC'),
(2410,'General Enrique Estrada','ZAC'),
(2411,'General Francisco R. Murguía','ZAC'),
(2412,'General Pánfilo Natera','ZAC'),
(2413,'Guadalupe','ZAC'),
(2414,'Huanusco','ZAC'),
(2415,'Jalpa','ZAC'),
(2416,'Jerez','ZAC'),
(2417,'Jiménez del Teul','ZAC'),
(2418,'Juan Aldama','ZAC'),
(2419,'Juchipila','ZAC'),
(2420,'Loreto','ZAC'),
(2421,'Luis Moya','ZAC'),
(2422,'Mazapil','ZAC'),
(2423,'Melchor Ocampo','ZAC'),
(2424,'Mezquital del Oro','ZAC'),
(2425,'Miguel Auza','ZAC'),
(2426,'Momax','ZAC'),
(2427,'Monte Escobedo','ZAC'),
(2428,'Morelos','ZAC'),
(2429,'Moyahua de Estrada','ZAC'),
(2430,'Nochistlán de Mejía','ZAC'),
(2431,'Noria de ?ngeles','ZAC'),
(2432,'Ojocaliente','ZAC'),
(2433,'Pánuco','ZAC'),
(2434,'Pinos','ZAC'),
(2435,'Río Grande','ZAC'),
(2436,'Sain Alto','ZAC'),
(2437,'Santa María de la Paz','ZAC'),
(2438,'Sombrerete','ZAC'),
(2439,'Susticacán','ZAC'),
(2440,'Tabasco','ZAC'),
(2441,'Tepechitlán','ZAC'),
(2442,'Tepetongo','ZAC'),
(2443,'Teul de González Ortega','ZAC'),
(2444,'Tlaltenango de Sánchez Román','ZAC'),
(2445,'Trancoso','ZAC'),
(2446,'Trinidad García de la Cadena','ZAC'),
(2447,'Valparaíso','ZAC'),
(2448,'Vetagrande','ZAC'),
(2449,'Villa de Cos','ZAC'),
(2450,'Villa García','ZAC'),
(2451,'Villa González Ortega','ZAC'),
(2452,'Villa Hidalgo','ZAC'),
(2453,'Villanueva','ZAC'),
(2454,'Zacatecas','ZAC');
/*!40000 ALTER TABLE `municipios` ENABLE KEYS */;

-- 
-- Definition of usuario
-- 

DROP TABLE IF EXISTS `usuario`;
CREATE TABLE IF NOT EXISTS `usuario` (
  `idusuario` int(11) NOT NULL AUTO_INCREMENT,
  `nombre` varchar(50) DEFAULT NULL,
  `apellidopaterno` varchar(50) DEFAULT NULL,
  `apellidomaterno` varchar(50) DEFAULT NULL,
  PRIMARY KEY (`idusuario`)
) ENGINE=InnoDB AUTO_INCREMENT=2 DEFAULT CHARSET=utf8mb4;

-- 
-- Dumping data for table usuario
-- 

/*!40000 ALTER TABLE `usuario` DISABLE KEYS */;
INSERT INTO `usuario`(`idusuario`,`nombre`,`apellidopaterno`,`apellidomaterno`) VALUES
(1,'Eduardo Arturo','Gonzalez','Muñoz');
/*!40000 ALTER TABLE `usuario` ENABLE KEYS */;


/*!40101 SET SQL_MODE=@OLD_SQL_MODE */;
/*!40014 SET FOREIGN_KEY_CHECKS=@OLD_FOREIGN_KEY_CHECKS */;
/*!40014 SET UNIQUE_CHECKS=@OLD_UNIQUE_CHECKS */;
/*!40101 SET CHARACTER_SET_CLIENT=@OLD_CHARACTER_SET_CLIENT */;
/*!40101 SET CHARACTER_SET_RESULTS=@OLD_CHARACTER_SET_RESULTS */;
/*!40101 SET COLLATION_CONNECTION=@OLD_COLLATION_CONNECTION */;
/*!40111 SET SQL_NOTES=@OLD_SQL_NOTES */;


-- Dump completed on 2019-11-28 18:59:50
-- Total time: 0:0:0:0:259 (d:h:m:s:ms)
